epoch,epochs_total,step,steps_total,loss,logits_loss,aux_loss,lr
1,1,10,28304,2.7117,2.7117,0.0,0.0001
1,1,20,28304,2.8629,2.8629,0.0,0.0001
1,1,30,28304,2.7829,2.7829,0.0,0.0001
1,1,40,28304,2.5076,2.5076,0.0,0.0001
1,1,50,28304,2.2045,2.2045,0.0,0.0001
1,1,60,28304,2.1145,2.1145,0.0,0.0001
1,1,70,28304,2.2309,2.2309,0.0,0.0001
1,1,80,28304,2.3474,2.3474,0.0,0.0001
1,1,90,28304,2.058,2.058,0.0,0.0001
1,1,100,28304,2.3086,2.3086,0.0,0.0001
1,1,110,28304,2.1704,2.1704,0.0,0.0001
1,1,120,28304,2.0844,2.0844,0.0,0.0001
1,1,130,28304,2.0861,2.0861,0.0,0.0001
1,1,140,28304,2.0735,2.0735,0.0,9.999e-05
1,1,150,28304,2.0377,2.0377,0.0,9.999e-05
1,1,160,28304,2.1165,2.1165,0.0,9.999e-05
1,1,170,28304,2.0143,2.0143,0.0,9.999e-05
1,1,180,28304,1.998,1.998,0.0,9.999e-05
1,1,190,28304,2.1038,2.1038,0.0,9.999e-05
1,1,200,28304,2.1465,2.1465,0.0,9.999e-05
1,1,210,28304,2.0521,2.0521,0.0,9.999e-05
1,1,220,28304,2.0612,2.0612,0.0,9.999e-05
1,1,230,28304,1.9163,1.9163,0.0,9.999e-05
1,1,240,28304,2.0084,2.0084,0.0,9.998e-05
1,1,250,28304,2.0133,2.0133,0.0,9.998e-05
1,1,260,28304,2.1562,2.1562,0.0,9.998e-05
1,1,270,28304,1.8947,1.8947,0.0,9.998e-05
1,1,280,28304,2.0794,2.0794,0.0,9.998e-05
1,1,290,28304,1.9971,1.9971,0.0,9.998e-05
1,1,300,28304,1.9367,1.9367,0.0,9.998e-05
1,1,310,28304,2.1122,2.1122,0.0,9.997e-05
1,1,320,28304,2.0277,2.0277,0.0,9.997e-05
1,1,330,28304,1.9804,1.9804,0.0,9.997e-05
1,1,340,28304,2.114,2.114,0.0,9.997e-05
1,1,350,28304,1.953,1.953,0.0,9.997e-05
1,1,360,28304,2.2788,2.2788,0.0,9.996e-05
1,1,370,28304,2.1323,2.1323,0.0,9.996e-05
1,1,380,28304,1.8984,1.8984,0.0,9.996e-05
1,1,390,28304,1.8499,1.8499,0.0,9.996e-05
1,1,400,28304,1.9572,1.9572,0.0,9.996e-05
1,1,410,28304,1.9816,1.9816,0.0,9.995e-05
1,1,420,28304,2.1309,2.1309,0.0,9.995e-05
1,1,430,28304,2.0659,2.0659,0.0,9.995e-05
1,1,440,28304,1.953,1.953,0.0,9.995e-05
1,1,450,28304,1.9513,1.9513,0.0,9.994e-05
1,1,460,28304,2.0764,2.0764,0.0,9.994e-05
1,1,470,28304,1.9445,1.9445,0.0,9.994e-05
1,1,480,28304,2.0315,2.0315,0.0,9.994e-05
1,1,490,28304,2.0939,2.0939,0.0,9.993e-05
1,1,500,28304,2.0501,2.0501,0.0,9.993e-05
1,1,510,28304,2.034,2.034,0.0,9.993e-05
1,1,520,28304,1.9162,1.9162,0.0,9.993e-05
1,1,530,28304,1.9898,1.9898,0.0,9.992e-05
1,1,540,28304,2.2069,2.2069,0.0,9.992e-05
1,1,550,28304,2.026,2.026,0.0,9.992e-05
1,1,560,28304,2.064,2.064,0.0,9.991e-05
1,1,570,28304,1.9287,1.9287,0.0,9.991e-05
1,1,580,28304,1.9806,1.9806,0.0,9.991e-05
1,1,590,28304,2.048,2.048,0.0,9.99e-05
1,1,600,28304,2.0118,2.0118,0.0,9.99e-05
1,1,610,28304,2.0638,2.0638,0.0,9.99e-05
1,1,620,28304,1.9403,1.9403,0.0,9.989e-05
1,1,630,28304,1.9445,1.9445,0.0,9.989e-05
1,1,640,28304,2.0571,2.0571,0.0,9.989e-05
1,1,650,28304,1.9008,1.9008,0.0,9.988e-05
1,1,660,28304,1.8784,1.8784,0.0,9.988e-05
1,1,670,28304,1.9541,1.9541,0.0,9.988e-05
1,1,680,28304,2.0316,2.0316,0.0,9.987e-05
1,1,690,28304,1.7333,1.7333,0.0,9.987e-05
1,1,700,28304,2.0096,2.0096,0.0,9.986e-05
1,1,710,28304,2.1223,2.1223,0.0,9.986e-05
1,1,720,28304,1.9951,1.9951,0.0,9.986e-05
1,1,730,28304,1.9393,1.9393,0.0,9.985e-05
1,1,740,28304,1.9281,1.9281,0.0,9.985e-05
1,1,750,28304,1.953,1.953,0.0,9.984e-05
1,1,760,28304,1.7228,1.7228,0.0,9.984e-05
1,1,770,28304,1.9236,1.9236,0.0,9.984e-05
1,1,780,28304,1.972,1.972,0.0,9.983e-05
1,1,790,28304,1.934,1.934,0.0,9.983e-05
1,1,800,28304,2.0179,2.0179,0.0,9.982e-05
1,1,810,28304,1.8755,1.8755,0.0,9.982e-05
1,1,820,28304,1.9972,1.9972,0.0,9.981e-05
1,1,830,28304,1.9247,1.9247,0.0,9.981e-05
1,1,840,28304,1.9567,1.9567,0.0,9.98e-05
1,1,850,28304,2.1234,2.1234,0.0,9.98e-05
1,1,860,28304,1.8204,1.8204,0.0,9.98e-05
1,1,870,28304,2.043,2.043,0.0,9.979e-05
1,1,880,28304,1.8736,1.8736,0.0,9.979e-05
1,1,890,28304,1.8896,1.8896,0.0,9.978e-05
1,1,900,28304,2.0657,2.0657,0.0,9.978e-05
1,1,910,28304,1.8312,1.8312,0.0,9.977e-05
1,1,920,28304,2.0091,2.0091,0.0,9.977e-05
1,1,930,28304,1.8518,1.8518,0.0,9.976e-05
1,1,940,28304,2.0061,2.0061,0.0,9.976e-05
1,1,950,28304,1.9526,1.9526,0.0,9.975e-05
1,1,960,28304,2.0479,2.0479,0.0,9.974e-05
1,1,970,28304,1.9566,1.9566,0.0,9.974e-05
1,1,980,28304,1.9209,1.9209,0.0,9.973e-05
1,1,990,28304,1.9606,1.9606,0.0,9.973e-05
1,1,1000,28304,1.8247,1.8247,0.0,9.972e-05
1,1,1010,28304,1.8783,1.8783,0.0,9.972e-05
1,1,1020,28304,1.8719,1.8719,0.0,9.971e-05
1,1,1030,28304,1.9326,1.9326,0.0,9.971e-05
1,1,1040,28304,1.791,1.791,0.0,9.97e-05
1,1,1050,28304,1.8092,1.8092,0.0,9.969e-05
1,1,1060,28304,1.8768,1.8768,0.0,9.969e-05
1,1,1070,28304,1.9025,1.9025,0.0,9.968e-05
1,1,1080,28304,1.8959,1.8959,0.0,9.968e-05
1,1,1090,28304,1.9207,1.9207,0.0,9.967e-05
1,1,1100,28304,1.8936,1.8936,0.0,9.967e-05
1,1,1110,28304,1.8239,1.8239,0.0,9.966e-05
1,1,1120,28304,1.7994,1.7994,0.0,9.965e-05
1,1,1130,28304,1.8337,1.8337,0.0,9.965e-05
1,1,1140,28304,1.8198,1.8198,0.0,9.964e-05
1,1,1150,28304,1.9771,1.9771,0.0,9.963e-05
1,1,1160,28304,1.9272,1.9272,0.0,9.963e-05
1,1,1170,28304,1.9461,1.9461,0.0,9.962e-05
1,1,1180,28304,1.9688,1.9688,0.0,9.961e-05
1,1,1190,28304,1.9512,1.9512,0.0,9.961e-05
1,1,1200,28304,1.9225,1.9225,0.0,9.96e-05
1,1,1210,28304,2.0353,2.0353,0.0,9.959e-05
1,1,1220,28304,1.8628,1.8628,0.0,9.959e-05
1,1,1230,28304,1.8409,1.8409,0.0,9.958e-05
1,1,1240,28304,2.0331,2.0331,0.0,9.957e-05
1,1,1250,28304,1.86,1.86,0.0,9.957e-05
1,1,1260,28304,1.9658,1.9658,0.0,9.956e-05
1,1,1270,28304,1.9216,1.9216,0.0,9.955e-05
1,1,1280,28304,1.8184,1.8184,0.0,9.955e-05
1,1,1290,28304,1.8991,1.8991,0.0,9.954e-05
1,1,1300,28304,1.9211,1.9211,0.0,9.953e-05
1,1,1310,28304,1.9207,1.9207,0.0,9.953e-05
1,1,1320,28304,1.8268,1.8268,0.0,9.952e-05
1,1,1330,28304,1.989,1.989,0.0,9.951e-05
1,1,1340,28304,1.8787,1.8787,0.0,9.95e-05
1,1,1350,28304,1.8918,1.8918,0.0,9.95e-05
1,1,1360,28304,1.9272,1.9272,0.0,9.949e-05
1,1,1370,28304,1.6869,1.6869,0.0,9.948e-05
1,1,1380,28304,2.0429,2.0429,0.0,9.947e-05
1,1,1390,28304,1.7817,1.7817,0.0,9.947e-05
1,1,1400,28304,1.8172,1.8172,0.0,9.946e-05
1,1,1410,28304,1.7999,1.7999,0.0,9.945e-05
1,1,1420,28304,1.864,1.864,0.0,9.944e-05
1,1,1430,28304,1.9706,1.9706,0.0,9.943e-05
1,1,1440,28304,1.8939,1.8939,0.0,9.943e-05
1,1,1450,28304,1.8914,1.8914,0.0,9.942e-05
1,1,1460,28304,1.8921,1.8921,0.0,9.941e-05
1,1,1470,28304,1.8622,1.8622,0.0,9.94e-05
1,1,1480,28304,1.7482,1.7482,0.0,9.939e-05
1,1,1490,28304,2.024,2.024,0.0,9.939e-05
1,1,1500,28304,1.87,1.87,0.0,9.938e-05
1,1,1510,28304,1.8694,1.8694,0.0,9.937e-05
1,1,1520,28304,1.8962,1.8962,0.0,9.936e-05
1,1,1530,28304,1.8979,1.8979,0.0,9.935e-05
1,1,1540,28304,1.8317,1.8317,0.0,9.934e-05
1,1,1550,28304,1.819,1.819,0.0,9.934e-05
1,1,1560,28304,1.9543,1.9543,0.0,9.933e-05
1,1,1570,28304,1.808,1.808,0.0,9.932e-05
1,1,1580,28304,1.848,1.848,0.0,9.931e-05
1,1,1590,28304,2.0016,2.0016,0.0,9.93e-05
1,1,1600,28304,1.8866,1.8866,0.0,9.929e-05
1,1,1610,28304,1.9375,1.9375,0.0,9.928e-05
1,1,1620,28304,1.9066,1.9066,0.0,9.927e-05
1,1,1630,28304,1.836,1.836,0.0,9.927e-05
1,1,1640,28304,1.7426,1.7426,0.0,9.926e-05
1,1,1650,28304,2.0106,2.0106,0.0,9.925e-05
1,1,1660,28304,1.8143,1.8143,0.0,9.924e-05
1,1,1670,28304,1.8747,1.8747,0.0,9.923e-05
1,1,1680,28304,1.88,1.88,0.0,9.922e-05
1,1,1690,28304,1.9253,1.9253,0.0,9.921e-05
1,1,1700,28304,1.8164,1.8164,0.0,9.92e-05
1,1,1710,28304,1.8758,1.8758,0.0,9.919e-05
1,1,1720,28304,1.8897,1.8897,0.0,9.918e-05
1,1,1730,28304,1.7567,1.7567,0.0,9.917e-05
1,1,1740,28304,1.9756,1.9756,0.0,9.916e-05
1,1,1750,28304,1.9002,1.9002,0.0,9.915e-05
1,1,1760,28304,2.0247,2.0247,0.0,9.914e-05
1,1,1770,28304,1.9017,1.9017,0.0,9.913e-05
1,1,1780,28304,1.8661,1.8661,0.0,9.912e-05
1,1,1790,28304,1.8187,1.8187,0.0,9.911e-05
1,1,1800,28304,1.8295,1.8295,0.0,9.91e-05
1,1,1810,28304,1.9305,1.9305,0.0,9.909e-05
1,1,1820,28304,1.864,1.864,0.0,9.908e-05
1,1,1830,28304,1.933,1.933,0.0,9.907e-05
1,1,1840,28304,1.7587,1.7587,0.0,9.906e-05
1,1,1850,28304,1.8706,1.8706,0.0,9.905e-05
1,1,1860,28304,1.8016,1.8016,0.0,9.904e-05
1,1,1870,28304,1.9496,1.9496,0.0,9.903e-05
1,1,1880,28304,1.7862,1.7862,0.0,9.902e-05
1,1,1890,28304,1.8506,1.8506,0.0,9.901e-05
1,1,1900,28304,1.9464,1.9464,0.0,9.9e-05
1,1,1910,28304,1.9561,1.9561,0.0,9.899e-05
1,1,1920,28304,1.9888,1.9888,0.0,9.898e-05
1,1,1930,28304,1.8772,1.8772,0.0,9.897e-05
1,1,1940,28304,1.8231,1.8231,0.0,9.896e-05
1,1,1950,28304,1.9313,1.9313,0.0,9.895e-05
1,1,1960,28304,2.0355,2.0355,0.0,9.894e-05
1,1,1970,28304,1.7552,1.7552,0.0,9.893e-05
1,1,1980,28304,1.9026,1.9026,0.0,9.892e-05
1,1,1990,28304,1.9513,1.9513,0.0,9.891e-05
1,1,2000,28304,1.8554,1.8554,0.0,9.89e-05
1,1,2010,28304,1.8836,1.8836,0.0,9.888e-05
1,1,2020,28304,1.8399,1.8399,0.0,9.887e-05
1,1,2030,28304,1.9124,1.9124,0.0,9.886e-05
1,1,2040,28304,1.811,1.811,0.0,9.885e-05
1,1,2050,28304,1.9049,1.9049,0.0,9.884e-05
1,1,2060,28304,1.8766,1.8766,0.0,9.883e-05
1,1,2070,28304,1.8152,1.8152,0.0,9.882e-05
1,1,2080,28304,1.8235,1.8235,0.0,9.881e-05
1,1,2090,28304,1.8126,1.8126,0.0,9.879e-05
1,1,2100,28304,1.825,1.825,0.0,9.878e-05
1,1,2110,28304,1.8473,1.8473,0.0,9.877e-05
1,1,2120,28304,1.8752,1.8752,0.0,9.876e-05
1,1,2130,28304,1.8498,1.8498,0.0,9.875e-05
1,1,2140,28304,1.9166,1.9166,0.0,9.874e-05
1,1,2150,28304,1.8617,1.8617,0.0,9.872e-05
1,1,2160,28304,1.919,1.919,0.0,9.871e-05
1,1,2170,28304,1.8537,1.8537,0.0,9.87e-05
1,1,2180,28304,1.9265,1.9265,0.0,9.869e-05
1,1,2190,28304,1.8794,1.8794,0.0,9.868e-05
1,1,2200,28304,1.8225,1.8225,0.0,9.867e-05
1,1,2210,28304,2.0328,2.0328,0.0,9.865e-05
1,1,2220,28304,1.9004,1.9004,0.0,9.864e-05
1,1,2230,28304,1.8002,1.8002,0.0,9.863e-05
1,1,2240,28304,1.8522,1.8522,0.0,9.862e-05
1,1,2250,28304,1.9059,1.9059,0.0,9.86e-05
1,1,2260,28304,1.8796,1.8796,0.0,9.859e-05
1,1,2270,28304,1.8644,1.8644,0.0,9.858e-05
1,1,2280,28304,1.9433,1.9433,0.0,9.857e-05
1,1,2290,28304,1.8376,1.8376,0.0,9.855e-05
1,1,2300,28304,1.8831,1.8831,0.0,9.854e-05
1,1,2310,28304,2.0143,2.0143,0.0,9.853e-05
1,1,2320,28304,1.8287,1.8287,0.0,9.852e-05
1,1,2330,28304,1.9441,1.9441,0.0,9.85e-05
1,1,2340,28304,2.0351,2.0351,0.0,9.849e-05
1,1,2350,28304,1.968,1.968,0.0,9.848e-05
1,1,2360,28304,1.8227,1.8227,0.0,9.846e-05
1,1,2370,28304,1.8777,1.8777,0.0,9.845e-05
1,1,2380,28304,1.8219,1.8219,0.0,9.844e-05
1,1,2390,28304,1.7916,1.7916,0.0,9.843e-05
1,1,2400,28304,2.0115,2.0115,0.0,9.841e-05
1,1,2410,28304,1.8293,1.8293,0.0,9.84e-05
1,1,2420,28304,1.9825,1.9825,0.0,9.839e-05
1,1,2430,28304,1.7819,1.7819,0.0,9.837e-05
1,1,2440,28304,1.7412,1.7412,0.0,9.836e-05
1,1,2450,28304,1.8868,1.8868,0.0,9.835e-05
1,1,2460,28304,1.8915,1.8915,0.0,9.833e-05
1,1,2470,28304,1.8791,1.8791,0.0,9.832e-05
1,1,2480,28304,1.9011,1.9011,0.0,9.831e-05
1,1,2490,28304,1.8551,1.8551,0.0,9.829e-05
1,1,2500,28304,1.8071,1.8071,0.0,9.828e-05
1,1,2510,28304,1.8425,1.8425,0.0,9.826e-05
1,1,2520,28304,1.9188,1.9188,0.0,9.825e-05
1,1,2530,28304,1.8095,1.8095,0.0,9.824e-05
1,1,2540,28304,1.8217,1.8217,0.0,9.822e-05
1,1,2550,28304,1.9205,1.9205,0.0,9.821e-05
1,1,2560,28304,1.8835,1.8835,0.0,9.82e-05
1,1,2570,28304,1.72,1.72,0.0,9.818e-05
1,1,2580,28304,1.7175,1.7175,0.0,9.817e-05
1,1,2590,28304,1.8681,1.8681,0.0,9.815e-05
1,1,2600,28304,1.9331,1.9331,0.0,9.814e-05
1,1,2610,28304,1.8367,1.8367,0.0,9.812e-05
1,1,2620,28304,1.8649,1.8649,0.0,9.811e-05
1,1,2630,28304,1.8372,1.8372,0.0,9.81e-05
1,1,2640,28304,1.7135,1.7135,0.0,9.808e-05
1,1,2650,28304,1.9288,1.9288,0.0,9.807e-05
1,1,2660,28304,1.744,1.744,0.0,9.805e-05
1,1,2670,28304,1.806,1.806,0.0,9.804e-05
1,1,2680,28304,1.7999,1.7999,0.0,9.802e-05
1,1,2690,28304,1.7794,1.7794,0.0,9.801e-05
1,1,2700,28304,1.857,1.857,0.0,9.799e-05
1,1,2710,28304,1.8649,1.8649,0.0,9.798e-05
1,1,2720,28304,1.797,1.797,0.0,9.796e-05
1,1,2730,28304,1.7448,1.7448,0.0,9.795e-05
1,1,2740,28304,1.8865,1.8865,0.0,9.793e-05
1,1,2750,28304,1.9785,1.9785,0.0,9.792e-05
1,1,2760,28304,1.9366,1.9366,0.0,9.79e-05
1,1,2770,28304,1.8755,1.8755,0.0,9.789e-05
1,1,2780,28304,1.8851,1.8851,0.0,9.787e-05
1,1,2790,28304,1.9105,1.9105,0.0,9.786e-05
1,1,2800,28304,2.0593,2.0593,0.0,9.784e-05
1,1,2810,28304,2.0078,2.0078,0.0,9.783e-05
1,1,2820,28304,1.7915,1.7915,0.0,9.781e-05
1,1,2830,28304,1.8168,1.8168,0.0,9.78e-05
1,1,2840,28304,1.7282,1.7282,0.0,9.778e-05
1,1,2850,28304,1.861,1.861,0.0,9.777e-05
1,1,2860,28304,1.8341,1.8341,0.0,9.775e-05
1,1,2870,28304,1.7805,1.7805,0.0,9.774e-05
1,1,2880,28304,1.7907,1.7907,0.0,9.772e-05
1,1,2890,28304,1.8273,1.8273,0.0,9.77e-05
1,1,2900,28304,1.8783,1.8783,0.0,9.769e-05
1,1,2910,28304,1.8641,1.8641,0.0,9.767e-05
1,1,2920,28304,1.9391,1.9391,0.0,9.766e-05
1,1,2930,28304,1.8725,1.8725,0.0,9.764e-05
1,1,2940,28304,1.7531,1.7531,0.0,9.763e-05
1,1,2950,28304,1.7859,1.7859,0.0,9.761e-05
1,1,2960,28304,1.871,1.871,0.0,9.759e-05
1,1,2970,28304,1.9519,1.9519,0.0,9.758e-05
1,1,2980,28304,1.9506,1.9506,0.0,9.756e-05
1,1,2990,28304,1.8727,1.8727,0.0,9.754e-05
1,1,3000,28304,1.7919,1.7919,0.0,9.753e-05
1,1,3010,28304,1.7254,1.7254,0.0,9.751e-05
1,1,3020,28304,1.8739,1.8739,0.0,9.75e-05
1,1,3030,28304,1.7457,1.7457,0.0,9.748e-05
1,1,3040,28304,1.8524,1.8524,0.0,9.746e-05
1,1,3050,28304,1.8192,1.8192,0.0,9.745e-05
1,1,3060,28304,1.8785,1.8785,0.0,9.743e-05
1,1,3070,28304,1.9127,1.9127,0.0,9.741e-05
1,1,3080,28304,1.9136,1.9136,0.0,9.74e-05
1,1,3090,28304,2.0697,2.0697,0.0,9.738e-05
1,1,3100,28304,1.6586,1.6586,0.0,9.736e-05
1,1,3110,28304,1.9104,1.9104,0.0,9.735e-05
1,1,3120,28304,1.8334,1.8334,0.0,9.733e-05
1,1,3130,28304,1.8847,1.8847,0.0,9.731e-05
1,1,3140,28304,1.8439,1.8439,0.0,9.729e-05
1,1,3150,28304,1.7822,1.7822,0.0,9.728e-05
1,1,3160,28304,1.8439,1.8439,0.0,9.726e-05
1,1,3170,28304,1.7777,1.7777,0.0,9.724e-05
1,1,3180,28304,1.8238,1.8238,0.0,9.723e-05
1,1,3190,28304,1.8721,1.8721,0.0,9.721e-05
1,1,3200,28304,1.9204,1.9204,0.0,9.719e-05
1,1,3210,28304,1.9339,1.9339,0.0,9.717e-05
1,1,3220,28304,1.9174,1.9174,0.0,9.716e-05
1,1,3230,28304,1.9413,1.9413,0.0,9.714e-05
1,1,3240,28304,1.7016,1.7016,0.0,9.712e-05
1,1,3250,28304,1.8711,1.8711,0.0,9.71e-05
1,1,3260,28304,1.8392,1.8392,0.0,9.709e-05
1,1,3270,28304,1.9472,1.9472,0.0,9.707e-05
1,1,3280,28304,1.8896,1.8896,0.0,9.705e-05
1,1,3290,28304,1.8281,1.8281,0.0,9.703e-05
1,1,3300,28304,2.0094,2.0094,0.0,9.701e-05
1,1,3310,28304,1.8603,1.8603,0.0,9.7e-05
1,1,3320,28304,1.7758,1.7758,0.0,9.698e-05
1,1,3330,28304,1.8508,1.8508,0.0,9.696e-05
1,1,3340,28304,1.781,1.781,0.0,9.694e-05
1,1,3350,28304,1.9165,1.9165,0.0,9.692e-05
1,1,3360,28304,1.8828,1.8828,0.0,9.691e-05
1,1,3370,28304,1.8453,1.8453,0.0,9.689e-05
1,1,3380,28304,1.7575,1.7575,0.0,9.687e-05
1,1,3390,28304,1.7784,1.7784,0.0,9.685e-05
1,1,3400,28304,1.8534,1.8534,0.0,9.683e-05
1,1,3410,28304,1.8397,1.8397,0.0,9.682e-05
1,1,3420,28304,1.9707,1.9707,0.0,9.68e-05
1,1,3430,28304,1.8955,1.8955,0.0,9.678e-05
1,1,3440,28304,1.8892,1.8892,0.0,9.676e-05
1,1,3450,28304,1.9065,1.9065,0.0,9.674e-05
1,1,3460,28304,1.9009,1.9009,0.0,9.672e-05
1,1,3470,28304,1.8734,1.8734,0.0,9.67e-05
1,1,3480,28304,1.8695,1.8695,0.0,9.668e-05
1,1,3490,28304,1.8582,1.8582,0.0,9.667e-05
1,1,3500,28304,2.0095,2.0095,0.0,9.665e-05
1,1,3510,28304,1.9073,1.9073,0.0,9.663e-05
1,1,3520,28304,1.8883,1.8883,0.0,9.661e-05
1,1,3530,28304,1.959,1.959,0.0,9.659e-05
1,1,3540,28304,1.795,1.795,0.0,9.657e-05
1,1,3550,28304,1.9335,1.9335,0.0,9.655e-05
1,1,3560,28304,1.9401,1.9401,0.0,9.653e-05
1,1,3570,28304,1.792,1.792,0.0,9.651e-05
1,1,3580,28304,1.9771,1.9771,0.0,9.649e-05
1,1,3590,28304,1.9624,1.9624,0.0,9.647e-05
1,1,3600,28304,1.7854,1.7854,0.0,9.646e-05
1,1,3610,28304,1.8139,1.8139,0.0,9.644e-05
1,1,3620,28304,1.9093,1.9093,0.0,9.642e-05
1,1,3630,28304,1.8688,1.8688,0.0,9.64e-05
1,1,3640,28304,1.8617,1.8617,0.0,9.638e-05
1,1,3650,28304,1.8697,1.8697,0.0,9.636e-05
1,1,3660,28304,1.8227,1.8227,0.0,9.634e-05
1,1,3670,28304,1.897,1.897,0.0,9.632e-05
1,1,3680,28304,1.9495,1.9495,0.0,9.63e-05
1,1,3690,28304,1.9144,1.9144,0.0,9.628e-05
1,1,3700,28304,1.8378,1.8378,0.0,9.626e-05
1,1,3710,28304,1.8443,1.8443,0.0,9.624e-05
1,1,3720,28304,1.8089,1.8089,0.0,9.622e-05
1,1,3730,28304,1.8841,1.8841,0.0,9.62e-05
1,1,3740,28304,1.8523,1.8523,0.0,9.618e-05
1,1,3750,28304,1.7669,1.7669,0.0,9.616e-05
1,1,3760,28304,1.8844,1.8844,0.0,9.614e-05
1,1,3770,28304,1.7786,1.7786,0.0,9.612e-05
1,1,3780,28304,1.8382,1.8382,0.0,9.61e-05
1,1,3790,28304,1.7634,1.7634,0.0,9.608e-05
1,1,3800,28304,1.9261,1.9261,0.0,9.606e-05
1,1,3810,28304,1.8804,1.8804,0.0,9.604e-05
1,1,3820,28304,1.7142,1.7142,0.0,9.602e-05
1,1,3830,28304,1.7645,1.7645,0.0,9.599e-05
1,1,3840,28304,1.8981,1.8981,0.0,9.597e-05
1,1,3850,28304,1.9067,1.9067,0.0,9.595e-05
1,1,3860,28304,1.8174,1.8174,0.0,9.593e-05
1,1,3870,28304,1.8751,1.8751,0.0,9.591e-05
1,1,3880,28304,1.7502,1.7502,0.0,9.589e-05
1,1,3890,28304,1.8409,1.8409,0.0,9.587e-05
1,1,3900,28304,1.9561,1.9561,0.0,9.585e-05
1,1,3910,28304,1.8229,1.8229,0.0,9.583e-05
1,1,3920,28304,1.8162,1.8162,0.0,9.581e-05
1,1,3930,28304,2.0154,2.0154,0.0,9.579e-05
1,1,3940,28304,1.9625,1.9625,0.0,9.577e-05
1,1,3950,28304,1.7883,1.7883,0.0,9.574e-05
1,1,3960,28304,1.9736,1.9736,0.0,9.572e-05
1,1,3970,28304,1.7499,1.7499,0.0,9.57e-05
1,1,3980,28304,1.7855,1.7855,0.0,9.568e-05
1,1,3990,28304,1.7886,1.7886,0.0,9.566e-05
1,1,4000,28304,1.8219,1.8219,0.0,9.564e-05
1,1,4010,28304,1.8168,1.8168,0.0,9.562e-05
1,1,4020,28304,1.9229,1.9229,0.0,9.559e-05
1,1,4030,28304,1.7594,1.7594,0.0,9.557e-05
1,1,4040,28304,1.7287,1.7287,0.0,9.555e-05
1,1,4050,28304,1.7223,1.7223,0.0,9.553e-05
1,1,4060,28304,1.7665,1.7665,0.0,9.551e-05
1,1,4070,28304,1.707,1.707,0.0,9.549e-05
1,1,4080,28304,1.8712,1.8712,0.0,9.546e-05
1,1,4090,28304,1.8098,1.8098,0.0,9.544e-05
1,1,4100,28304,1.7917,1.7917,0.0,9.542e-05
1,1,4110,28304,1.8464,1.8464,0.0,9.54e-05
1,1,4120,28304,1.9731,1.9731,0.0,9.538e-05
1,1,4130,28304,1.7962,1.7962,0.0,9.535e-05
1,1,4140,28304,1.7298,1.7298,0.0,9.533e-05
1,1,4150,28304,1.7576,1.7576,0.0,9.531e-05
1,1,4160,28304,1.9337,1.9337,0.0,9.529e-05
1,1,4170,28304,1.9659,1.9659,0.0,9.527e-05
1,1,4180,28304,1.8092,1.8092,0.0,9.524e-05
1,1,4190,28304,1.7563,1.7563,0.0,9.522e-05
1,1,4200,28304,1.8388,1.8388,0.0,9.52e-05
1,1,4210,28304,1.8982,1.8982,0.0,9.518e-05
1,1,4220,28304,1.8872,1.8872,0.0,9.515e-05
1,1,4230,28304,1.8379,1.8379,0.0,9.513e-05
1,1,4240,28304,1.7419,1.7419,0.0,9.511e-05
1,1,4250,28304,1.9114,1.9114,0.0,9.509e-05
1,1,4260,28304,1.8992,1.8992,0.0,9.506e-05
1,1,4270,28304,1.8208,1.8208,0.0,9.504e-05
1,1,4280,28304,1.8755,1.8755,0.0,9.502e-05
1,1,4290,28304,1.7861,1.7861,0.0,9.499e-05
1,1,4300,28304,1.8794,1.8794,0.0,9.497e-05
1,1,4310,28304,1.7994,1.7994,0.0,9.495e-05
1,1,4320,28304,1.8509,1.8509,0.0,9.493e-05
1,1,4330,28304,1.779,1.779,0.0,9.49e-05
1,1,4340,28304,1.7086,1.7086,0.0,9.488e-05
1,1,4350,28304,1.7664,1.7664,0.0,9.486e-05
1,1,4360,28304,1.8441,1.8441,0.0,9.483e-05
1,1,4370,28304,1.9378,1.9378,0.0,9.481e-05
1,1,4380,28304,1.8632,1.8632,0.0,9.479e-05
1,1,4390,28304,1.7997,1.7997,0.0,9.476e-05
1,1,4400,28304,1.782,1.782,0.0,9.474e-05
1,1,4410,28304,1.8944,1.8944,0.0,9.472e-05
1,1,4420,28304,1.9425,1.9425,0.0,9.469e-05
1,1,4430,28304,1.8081,1.8081,0.0,9.467e-05
1,1,4440,28304,1.8856,1.8856,0.0,9.465e-05
1,1,4450,28304,1.9291,1.9291,0.0,9.462e-05
1,1,4460,28304,1.7266,1.7266,0.0,9.46e-05
1,1,4470,28304,1.7478,1.7478,0.0,9.457e-05
1,1,4480,28304,1.8587,1.8587,0.0,9.455e-05
1,1,4490,28304,1.7721,1.7721,0.0,9.453e-05
1,1,4500,28304,1.8888,1.8888,0.0,9.45e-05
1,1,4510,28304,1.6852,1.6852,0.0,9.448e-05
1,1,4520,28304,1.907,1.907,0.0,9.445e-05
1,1,4530,28304,1.8612,1.8612,0.0,9.443e-05
1,1,4540,28304,1.8587,1.8587,0.0,9.441e-05
1,1,4550,28304,1.8945,1.8945,0.0,9.438e-05
1,1,4560,28304,1.9305,1.9305,0.0,9.436e-05
1,1,4570,28304,1.7427,1.7427,0.0,9.433e-05
1,1,4580,28304,1.8229,1.8229,0.0,9.431e-05
1,1,4590,28304,1.7333,1.7333,0.0,9.429e-05
1,1,4600,28304,1.767,1.767,0.0,9.426e-05
1,1,4610,28304,1.9889,1.9889,0.0,9.424e-05
1,1,4620,28304,1.7423,1.7423,0.0,9.421e-05
1,1,4630,28304,1.9506,1.9506,0.0,9.419e-05
1,1,4640,28304,1.8991,1.8991,0.0,9.416e-05
1,1,4650,28304,1.9208,1.9208,0.0,9.414e-05
1,1,4660,28304,1.9054,1.9054,0.0,9.411e-05
1,1,4670,28304,1.8556,1.8556,0.0,9.409e-05
1,1,4680,28304,1.8664,1.8664,0.0,9.406e-05
1,1,4690,28304,1.7297,1.7297,0.0,9.404e-05
1,1,4700,28304,1.9002,1.9002,0.0,9.401e-05
1,1,4710,28304,1.8566,1.8566,0.0,9.399e-05
1,1,4720,28304,1.8782,1.8782,0.0,9.396e-05
1,1,4730,28304,1.7343,1.7343,0.0,9.394e-05
1,1,4740,28304,1.985,1.985,0.0,9.391e-05
1,1,4750,28304,1.8268,1.8268,0.0,9.389e-05
1,1,4760,28304,1.8326,1.8326,0.0,9.386e-05
1,1,4770,28304,1.8135,1.8135,0.0,9.384e-05
1,1,4780,28304,1.787,1.787,0.0,9.381e-05
1,1,4790,28304,1.7582,1.7582,0.0,9.379e-05
1,1,4800,28304,1.8076,1.8076,0.0,9.376e-05
1,1,4810,28304,2.0107,2.0107,0.0,9.374e-05
1,1,4820,28304,1.8708,1.8708,0.0,9.371e-05
1,1,4830,28304,1.7753,1.7753,0.0,9.369e-05
1,1,4840,28304,1.9445,1.9445,0.0,9.366e-05
1,1,4850,28304,1.8347,1.8347,0.0,9.364e-05
1,1,4860,28304,1.9459,1.9459,0.0,9.361e-05
1,1,4870,28304,1.9079,1.9079,0.0,9.358e-05
1,1,4880,28304,1.8074,1.8074,0.0,9.356e-05
1,1,4890,28304,1.8478,1.8478,0.0,9.353e-05
1,1,4900,28304,1.8536,1.8536,0.0,9.351e-05
1,1,4910,28304,1.8523,1.8523,0.0,9.348e-05
1,1,4920,28304,1.9757,1.9757,0.0,9.346e-05
1,1,4930,28304,2.0588,2.0588,0.0,9.343e-05
1,1,4940,28304,1.8478,1.8478,0.0,9.34e-05
1,1,4950,28304,1.904,1.904,0.0,9.338e-05
1,1,4960,28304,1.8631,1.8631,0.0,9.335e-05
1,1,4970,28304,1.7723,1.7723,0.0,9.332e-05
1,1,4980,28304,1.8524,1.8524,0.0,9.33e-05
1,1,4990,28304,1.8079,1.8079,0.0,9.327e-05
1,1,5000,28304,1.8658,1.8658,0.0,9.325e-05
1,1,5010,28304,1.9982,1.9982,0.0,9.322e-05
1,1,5020,28304,1.7936,1.7936,0.0,9.319e-05
1,1,5030,28304,1.921,1.921,0.0,9.317e-05
1,1,5040,28304,1.6391,1.6391,0.0,9.314e-05
1,1,5050,28304,1.7518,1.7518,0.0,9.311e-05
1,1,5060,28304,1.8613,1.8613,0.0,9.309e-05
1,1,5070,28304,1.9648,1.9648,0.0,9.306e-05
1,1,5080,28304,1.7558,1.7558,0.0,9.303e-05
1,1,5090,28304,1.7951,1.7951,0.0,9.301e-05
1,1,5100,28304,1.8655,1.8655,0.0,9.298e-05
1,1,5110,28304,1.9241,1.9241,0.0,9.295e-05
1,1,5120,28304,1.6756,1.6756,0.0,9.293e-05
1,1,5130,28304,1.9217,1.9217,0.0,9.29e-05
1,1,5140,28304,1.7718,1.7718,0.0,9.287e-05
1,1,5150,28304,1.8008,1.8008,0.0,9.285e-05
1,1,5160,28304,1.8279,1.8279,0.0,9.282e-05
1,1,5170,28304,1.7127,1.7127,0.0,9.279e-05
1,1,5180,28304,1.8892,1.8892,0.0,9.276e-05
1,1,5190,28304,1.7642,1.7642,0.0,9.274e-05
1,1,5200,28304,1.8966,1.8966,0.0,9.271e-05
1,1,5210,28304,1.9207,1.9207,0.0,9.268e-05
1,1,5220,28304,1.9295,1.9295,0.0,9.266e-05
1,1,5230,28304,1.6458,1.6458,0.0,9.263e-05
1,1,5240,28304,1.9607,1.9607,0.0,9.26e-05
1,1,5250,28304,1.9106,1.9106,0.0,9.257e-05
1,1,5260,28304,1.8642,1.8642,0.0,9.255e-05
1,1,5270,28304,1.8108,1.8108,0.0,9.252e-05
1,1,5280,28304,1.9916,1.9916,0.0,9.249e-05
1,1,5290,28304,1.7932,1.7932,0.0,9.246e-05
1,1,5300,28304,1.7181,1.7181,0.0,9.244e-05
1,1,5310,28304,1.8982,1.8982,0.0,9.241e-05
1,1,5320,28304,1.7158,1.7158,0.0,9.238e-05
1,1,5330,28304,1.8091,1.8091,0.0,9.235e-05
1,1,5340,28304,1.872,1.872,0.0,9.232e-05
1,1,5350,28304,1.8276,1.8276,0.0,9.23e-05
1,1,5360,28304,1.8454,1.8454,0.0,9.227e-05
1,1,5370,28304,1.9577,1.9577,0.0,9.224e-05
1,1,5380,28304,1.8068,1.8068,0.0,9.221e-05
1,1,5390,28304,1.783,1.783,0.0,9.218e-05
1,1,5400,28304,1.7528,1.7528,0.0,9.216e-05
1,1,5410,28304,1.7354,1.7354,0.0,9.213e-05
1,1,5420,28304,1.8949,1.8949,0.0,9.21e-05
1,1,5430,28304,1.8969,1.8969,0.0,9.207e-05
1,1,5440,28304,1.7953,1.7953,0.0,9.204e-05
1,1,5450,28304,1.9502,1.9502,0.0,9.201e-05
1,1,5460,28304,1.758,1.758,0.0,9.199e-05
1,1,5470,28304,1.7438,1.7438,0.0,9.196e-05
1,1,5480,28304,1.86,1.86,0.0,9.193e-05
1,1,5490,28304,1.8154,1.8154,0.0,9.19e-05
1,1,5500,28304,1.7931,1.7931,0.0,9.187e-05
1,1,5510,28304,1.9214,1.9214,0.0,9.184e-05
1,1,5520,28304,1.8597,1.8597,0.0,9.181e-05
1,1,5530,28304,1.7944,1.7944,0.0,9.179e-05
1,1,5540,28304,1.9132,1.9132,0.0,9.176e-05
1,1,5550,28304,1.7591,1.7591,0.0,9.173e-05
1,1,5560,28304,1.7886,1.7886,0.0,9.17e-05
1,1,5570,28304,1.7147,1.7147,0.0,9.167e-05
1,1,5580,28304,1.9281,1.9281,0.0,9.164e-05
1,1,5590,28304,1.8326,1.8326,0.0,9.161e-05
1,1,5600,28304,1.8556,1.8556,0.0,9.158e-05
1,1,5610,28304,1.714,1.714,0.0,9.155e-05
1,1,5620,28304,1.9227,1.9227,0.0,9.153e-05
1,1,5630,28304,1.8386,1.8386,0.0,9.15e-05
1,1,5640,28304,1.8414,1.8414,0.0,9.147e-05
1,1,5650,28304,1.8825,1.8825,0.0,9.144e-05
1,1,5660,28304,1.8053,1.8053,0.0,9.141e-05
1,1,5670,28304,1.7947,1.7947,0.0,9.138e-05
1,1,5680,28304,1.9273,1.9273,0.0,9.135e-05
1,1,5690,28304,2.016,2.016,0.0,9.132e-05
1,1,5700,28304,1.8967,1.8967,0.0,9.129e-05
1,1,5710,28304,2.0368,2.0368,0.0,9.126e-05
1,1,5720,28304,1.8077,1.8077,0.0,9.123e-05
1,1,5730,28304,1.9822,1.9822,0.0,9.12e-05
1,1,5740,28304,1.6594,1.6594,0.0,9.117e-05
1,1,5750,28304,1.9009,1.9009,0.0,9.114e-05
1,1,5760,28304,1.9083,1.9083,0.0,9.111e-05
1,1,5770,28304,1.754,1.754,0.0,9.108e-05
1,1,5780,28304,1.9183,1.9183,0.0,9.105e-05
1,1,5790,28304,1.8858,1.8858,0.0,9.102e-05
1,1,5800,28304,1.5719,1.5719,0.0,9.099e-05
1,1,5810,28304,1.9075,1.9075,0.0,9.096e-05
1,1,5820,28304,1.836,1.836,0.0,9.093e-05
1,1,5830,28304,1.8834,1.8834,0.0,9.09e-05
1,1,5840,28304,1.9214,1.9214,0.0,9.087e-05
1,1,5850,28304,1.9164,1.9164,0.0,9.084e-05
1,1,5860,28304,1.7181,1.7181,0.0,9.081e-05
1,1,5870,28304,1.8127,1.8127,0.0,9.078e-05
1,1,5880,28304,1.9992,1.9992,0.0,9.075e-05
1,1,5890,28304,1.9607,1.9607,0.0,9.072e-05
1,1,5900,28304,1.859,1.859,0.0,9.069e-05
1,1,5910,28304,1.8984,1.8984,0.0,9.066e-05
1,1,5920,28304,1.9545,1.9545,0.0,9.063e-05
1,1,5930,28304,1.779,1.779,0.0,9.06e-05
1,1,5940,28304,1.8834,1.8834,0.0,9.057e-05
1,1,5950,28304,1.9088,1.9088,0.0,9.054e-05
1,1,5960,28304,1.8102,1.8102,0.0,9.051e-05
1,1,5970,28304,1.7776,1.7776,0.0,9.048e-05
1,1,5980,28304,1.9196,1.9196,0.0,9.045e-05
1,1,5990,28304,1.8773,1.8773,0.0,9.042e-05
1,1,6000,28304,1.7262,1.7262,0.0,9.038e-05
1,1,6010,28304,1.8544,1.8544,0.0,9.035e-05
1,1,6020,28304,1.8612,1.8612,0.0,9.032e-05
1,1,6030,28304,1.7942,1.7942,0.0,9.029e-05
1,1,6040,28304,1.8061,1.8061,0.0,9.026e-05
1,1,6050,28304,1.9803,1.9803,0.0,9.023e-05
1,1,6060,28304,1.8217,1.8217,0.0,9.02e-05
1,1,6070,28304,1.8463,1.8463,0.0,9.017e-05
1,1,6080,28304,1.7379,1.7379,0.0,9.014e-05
1,1,6090,28304,1.8535,1.8535,0.0,9.01e-05
1,1,6100,28304,1.8903,1.8903,0.0,9.007e-05
1,1,6110,28304,1.6844,1.6844,0.0,9.004e-05
1,1,6120,28304,1.6343,1.6343,0.0,9.001e-05
1,1,6130,28304,1.9226,1.9226,0.0,8.998e-05
1,1,6140,28304,1.85,1.85,0.0,8.995e-05
1,1,6150,28304,1.8717,1.8717,0.0,8.992e-05
1,1,6160,28304,1.72,1.72,0.0,8.989e-05
1,1,6170,28304,1.8858,1.8858,0.0,8.985e-05
1,1,6180,28304,1.8256,1.8256,0.0,8.982e-05
1,1,6190,28304,1.8873,1.8873,0.0,8.979e-05
1,1,6200,28304,1.7808,1.7808,0.0,8.976e-05
1,1,6210,28304,1.7961,1.7961,0.0,8.973e-05
1,1,6220,28304,1.8889,1.8889,0.0,8.969e-05
1,1,6230,28304,1.7657,1.7657,0.0,8.966e-05
1,1,6240,28304,1.9298,1.9298,0.0,8.963e-05
1,1,6250,28304,1.7977,1.7977,0.0,8.96e-05
1,1,6260,28304,1.8982,1.8982,0.0,8.957e-05
1,1,6270,28304,1.9237,1.9237,0.0,8.954e-05
1,1,6280,28304,1.7882,1.7882,0.0,8.95e-05
1,1,6290,28304,1.8664,1.8664,0.0,8.947e-05
1,1,6300,28304,1.9913,1.9913,0.0,8.944e-05
1,1,6310,28304,1.8396,1.8396,0.0,8.941e-05
1,1,6320,28304,1.807,1.807,0.0,8.937e-05
1,1,6330,28304,1.9504,1.9504,0.0,8.934e-05
1,1,6340,28304,1.9809,1.9809,0.0,8.931e-05
1,1,6350,28304,1.8617,1.8617,0.0,8.928e-05
1,1,6360,28304,1.8891,1.8891,0.0,8.925e-05
1,1,6370,28304,1.7272,1.7272,0.0,8.921e-05
1,1,6380,28304,1.8186,1.8186,0.0,8.918e-05
1,1,6390,28304,1.7823,1.7823,0.0,8.915e-05
1,1,6400,28304,1.8105,1.8105,0.0,8.912e-05
1,1,6410,28304,1.713,1.713,0.0,8.908e-05
1,1,6420,28304,1.8464,1.8464,0.0,8.905e-05
1,1,6430,28304,1.745,1.745,0.0,8.902e-05
1,1,6440,28304,1.8505,1.8505,0.0,8.898e-05
1,1,6450,28304,1.8266,1.8266,0.0,8.895e-05
1,1,6460,28304,1.7103,1.7103,0.0,8.892e-05
1,1,6470,28304,1.74,1.74,0.0,8.889e-05
1,1,6480,28304,1.7809,1.7809,0.0,8.885e-05
1,1,6490,28304,1.8237,1.8237,0.0,8.882e-05
1,1,6500,28304,1.8725,1.8725,0.0,8.879e-05
1,1,6510,28304,1.9598,1.9598,0.0,8.875e-05
1,1,6520,28304,1.8561,1.8561,0.0,8.872e-05
1,1,6530,28304,1.8461,1.8461,0.0,8.869e-05
1,1,6540,28304,1.7845,1.7845,0.0,8.866e-05
1,1,6550,28304,1.732,1.732,0.0,8.862e-05
1,1,6560,28304,1.7454,1.7454,0.0,8.859e-05
1,1,6570,28304,1.9478,1.9478,0.0,8.856e-05
1,1,6580,28304,1.8547,1.8547,0.0,8.852e-05
1,1,6590,28304,1.8519,1.8519,0.0,8.849e-05
1,1,6600,28304,1.8974,1.8974,0.0,8.846e-05
1,1,6610,28304,2.038,2.038,0.0,8.842e-05
1,1,6620,28304,1.7867,1.7867,0.0,8.839e-05
1,1,6630,28304,1.857,1.857,0.0,8.836e-05
1,1,6640,28304,2.0003,2.0003,0.0,8.832e-05
1,1,6650,28304,1.979,1.979,0.0,8.829e-05
1,1,6660,28304,1.9754,1.9754,0.0,8.825e-05
1,1,6670,28304,1.82,1.82,0.0,8.822e-05
1,1,6680,28304,1.8497,1.8497,0.0,8.819e-05
1,1,6690,28304,1.7705,1.7705,0.0,8.815e-05
1,1,6700,28304,1.8801,1.8801,0.0,8.812e-05
1,1,6710,28304,1.8482,1.8482,0.0,8.809e-05
1,1,6720,28304,1.9044,1.9044,0.0,8.805e-05
1,1,6730,28304,1.9158,1.9158,0.0,8.802e-05
1,1,6740,28304,1.9979,1.9979,0.0,8.798e-05
1,1,6750,28304,1.8302,1.8302,0.0,8.795e-05
1,1,6760,28304,1.8489,1.8489,0.0,8.792e-05
1,1,6770,28304,1.8884,1.8884,0.0,8.788e-05
1,1,6780,28304,1.9043,1.9043,0.0,8.785e-05
1,1,6790,28304,1.8542,1.8542,0.0,8.781e-05
1,1,6800,28304,1.8017,1.8017,0.0,8.778e-05
1,1,6810,28304,1.8617,1.8617,0.0,8.775e-05
1,1,6820,28304,1.8459,1.8459,0.0,8.771e-05
1,1,6830,28304,1.9772,1.9772,0.0,8.768e-05
1,1,6840,28304,1.9905,1.9905,0.0,8.764e-05
1,1,6850,28304,1.8733,1.8733,0.0,8.761e-05
1,1,6860,28304,1.8265,1.8265,0.0,8.757e-05
1,1,6870,28304,1.8301,1.8301,0.0,8.754e-05
1,1,6880,28304,1.797,1.797,0.0,8.75e-05
1,1,6890,28304,1.6704,1.6704,0.0,8.747e-05
1,1,6900,28304,1.8786,1.8786,0.0,8.744e-05
1,1,6910,28304,1.7307,1.7307,0.0,8.74e-05
1,1,6920,28304,1.8096,1.8096,0.0,8.737e-05
1,1,6930,28304,1.7867,1.7867,0.0,8.733e-05
1,1,6940,28304,1.8201,1.8201,0.0,8.73e-05
1,1,6950,28304,1.9739,1.9739,0.0,8.726e-05
1,1,6960,28304,1.8511,1.8511,0.0,8.723e-05
1,1,6970,28304,1.7031,1.7031,0.0,8.719e-05
1,1,6980,28304,1.8422,1.8422,0.0,8.716e-05
1,1,6990,28304,1.8148,1.8148,0.0,8.712e-05
1,1,7000,28304,1.8413,1.8413,0.0,8.709e-05
1,1,7010,28304,2.0059,2.0059,0.0,8.705e-05
1,1,7020,28304,1.798,1.798,0.0,8.702e-05
1,1,7030,28304,1.9002,1.9002,0.0,8.698e-05
1,1,7040,28304,1.873,1.873,0.0,8.695e-05
1,1,7050,28304,1.9027,1.9027,0.0,8.691e-05
1,1,7060,28304,1.893,1.893,0.0,8.688e-05
1,1,7070,28304,1.8721,1.8721,0.0,8.684e-05
1,1,7080,28304,1.8367,1.8367,0.0,8.681e-05
1,1,7090,28304,1.898,1.898,0.0,8.677e-05
1,1,7100,28304,1.7327,1.7327,0.0,8.673e-05
1,1,7110,28304,1.8005,1.8005,0.0,8.67e-05
1,1,7120,28304,1.8893,1.8893,0.0,8.666e-05
1,1,7130,28304,1.7602,1.7602,0.0,8.663e-05
1,1,7140,28304,1.8817,1.8817,0.0,8.659e-05
1,1,7150,28304,1.8377,1.8377,0.0,8.656e-05
1,1,7160,28304,1.9432,1.9432,0.0,8.652e-05
1,1,7170,28304,1.7021,1.7021,0.0,8.649e-05
1,1,7180,28304,1.8231,1.8231,0.0,8.645e-05
1,1,7190,28304,1.6462,1.6462,0.0,8.641e-05
1,1,7200,28304,1.9433,1.9433,0.0,8.638e-05
1,1,7210,28304,1.8067,1.8067,0.0,8.634e-05
1,1,7220,28304,1.8886,1.8886,0.0,8.631e-05
1,1,7230,28304,1.8128,1.8128,0.0,8.627e-05
1,1,7240,28304,1.8393,1.8393,0.0,8.624e-05
1,1,7250,28304,1.6754,1.6754,0.0,8.62e-05
1,1,7260,28304,1.7869,1.7869,0.0,8.616e-05
1,1,7270,28304,1.7822,1.7822,0.0,8.613e-05
1,1,7280,28304,1.929,1.929,0.0,8.609e-05
1,1,7290,28304,2.0042,2.0042,0.0,8.606e-05
1,1,7300,28304,1.9239,1.9239,0.0,8.602e-05
1,1,7310,28304,1.9603,1.9603,0.0,8.598e-05
1,1,7320,28304,1.9026,1.9026,0.0,8.595e-05
1,1,7330,28304,1.8112,1.8112,0.0,8.591e-05
1,1,7340,28304,1.7612,1.7612,0.0,8.587e-05
1,1,7350,28304,1.8543,1.8543,0.0,8.584e-05
1,1,7360,28304,1.7672,1.7672,0.0,8.58e-05
1,1,7370,28304,1.8858,1.8858,0.0,8.576e-05
1,1,7380,28304,1.8678,1.8678,0.0,8.573e-05
1,1,7390,28304,1.7498,1.7498,0.0,8.569e-05
1,1,7400,28304,1.877,1.877,0.0,8.566e-05
1,1,7410,28304,1.7099,1.7099,0.0,8.562e-05
1,1,7420,28304,1.9082,1.9082,0.0,8.558e-05
1,1,7430,28304,1.929,1.929,0.0,8.555e-05
1,1,7440,28304,1.9542,1.9542,0.0,8.551e-05
1,1,7450,28304,1.8592,1.8592,0.0,8.547e-05
1,1,7460,28304,1.9071,1.9071,0.0,8.544e-05
1,1,7470,28304,1.7571,1.7571,0.0,8.54e-05
1,1,7480,28304,1.8867,1.8867,0.0,8.536e-05
1,1,7490,28304,1.7777,1.7777,0.0,8.532e-05
1,1,7500,28304,1.7873,1.7873,0.0,8.529e-05
1,1,7510,28304,1.8107,1.8107,0.0,8.525e-05
1,1,7520,28304,1.9714,1.9714,0.0,8.521e-05
1,1,7530,28304,1.8152,1.8152,0.0,8.518e-05
1,1,7540,28304,1.7354,1.7354,0.0,8.514e-05
1,1,7550,28304,1.7589,1.7589,0.0,8.51e-05
1,1,7560,28304,1.8773,1.8773,0.0,8.507e-05
1,1,7570,28304,1.6622,1.6622,0.0,8.503e-05
1,1,7580,28304,1.9529,1.9529,0.0,8.499e-05
1,1,7590,28304,1.8607,1.8607,0.0,8.495e-05
1,1,7600,28304,1.8418,1.8418,0.0,8.492e-05
1,1,7610,28304,1.8286,1.8286,0.0,8.488e-05
1,1,7620,28304,1.7628,1.7628,0.0,8.484e-05
1,1,7630,28304,1.7745,1.7745,0.0,8.48e-05
1,1,7640,28304,1.9412,1.9412,0.0,8.477e-05
1,1,7650,28304,1.7235,1.7235,0.0,8.473e-05
1,1,7660,28304,1.85,1.85,0.0,8.469e-05
1,1,7670,28304,1.922,1.922,0.0,8.465e-05
1,1,7680,28304,1.7907,1.7907,0.0,8.462e-05
1,1,7690,28304,1.9134,1.9134,0.0,8.458e-05
1,1,7700,28304,1.7136,1.7136,0.0,8.454e-05
1,1,7710,28304,1.8366,1.8366,0.0,8.45e-05
1,1,7720,28304,1.8535,1.8535,0.0,8.447e-05
1,1,7730,28304,1.8213,1.8213,0.0,8.443e-05
1,1,7740,28304,1.994,1.994,0.0,8.439e-05
1,1,7750,28304,1.8645,1.8645,0.0,8.435e-05
1,1,7760,28304,1.8247,1.8247,0.0,8.431e-05
1,1,7770,28304,1.7144,1.7144,0.0,8.428e-05
1,1,7780,28304,1.7515,1.7515,0.0,8.424e-05
1,1,7790,28304,1.9208,1.9208,0.0,8.42e-05
1,1,7800,28304,1.8212,1.8212,0.0,8.416e-05
1,1,7810,28304,1.7665,1.7665,0.0,8.412e-05
1,1,7820,28304,1.8436,1.8436,0.0,8.409e-05
1,1,7830,28304,1.9059,1.9059,0.0,8.405e-05
1,1,7840,28304,1.9107,1.9107,0.0,8.401e-05
1,1,7850,28304,1.766,1.766,0.0,8.397e-05
1,1,7860,28304,1.7636,1.7636,0.0,8.393e-05
1,1,7870,28304,1.9316,1.9316,0.0,8.39e-05
1,1,7880,28304,1.7326,1.7326,0.0,8.386e-05
1,1,7890,28304,1.7996,1.7996,0.0,8.382e-05
1,1,7900,28304,1.8683,1.8683,0.0,8.378e-05
1,1,7910,28304,1.785,1.785,0.0,8.374e-05
1,1,7920,28304,1.756,1.756,0.0,8.37e-05
1,1,7930,28304,1.9125,1.9125,0.0,8.367e-05
1,1,7940,28304,1.9057,1.9057,0.0,8.363e-05
1,1,7950,28304,1.7597,1.7597,0.0,8.359e-05
1,1,7960,28304,1.943,1.943,0.0,8.355e-05
1,1,7970,28304,1.8628,1.8628,0.0,8.351e-05
1,1,7980,28304,1.7326,1.7326,0.0,8.347e-05
1,1,7990,28304,1.7409,1.7409,0.0,8.343e-05
1,1,8000,28304,1.9071,1.9071,0.0,8.339e-05
1,1,8010,28304,1.8671,1.8671,0.0,8.336e-05
1,1,8020,28304,1.8965,1.8965,0.0,8.332e-05
1,1,8030,28304,1.6985,1.6985,0.0,8.328e-05
1,1,8040,28304,1.9491,1.9491,0.0,8.324e-05
1,1,8050,28304,1.6988,1.6988,0.0,8.32e-05
1,1,8060,28304,1.9066,1.9066,0.0,8.316e-05
1,1,8070,28304,1.9379,1.9379,0.0,8.312e-05
1,1,8080,28304,1.9039,1.9039,0.0,8.308e-05
1,1,8090,28304,1.7763,1.7763,0.0,8.304e-05
1,1,8100,28304,1.6223,1.6223,0.0,8.301e-05
1,1,8110,28304,1.9354,1.9354,0.0,8.297e-05
1,1,8120,28304,1.7598,1.7598,0.0,8.293e-05
1,1,8130,28304,1.7684,1.7684,0.0,8.289e-05
1,1,8140,28304,1.7886,1.7886,0.0,8.285e-05
1,1,8150,28304,1.8856,1.8856,0.0,8.281e-05
1,1,8160,28304,1.7512,1.7512,0.0,8.277e-05
1,1,8170,28304,1.7465,1.7465,0.0,8.273e-05
1,1,8180,28304,1.9282,1.9282,0.0,8.269e-05
1,1,8190,28304,1.8572,1.8572,0.0,8.265e-05
1,1,8200,28304,1.7428,1.7428,0.0,8.261e-05
1,1,8210,28304,1.8352,1.8352,0.0,8.257e-05
1,1,8220,28304,1.7557,1.7557,0.0,8.253e-05
1,1,8230,28304,1.8279,1.8279,0.0,8.249e-05
1,1,8240,28304,1.7451,1.7451,0.0,8.245e-05
1,1,8250,28304,1.7856,1.7856,0.0,8.242e-05
1,1,8260,28304,1.9309,1.9309,0.0,8.238e-05
1,1,8270,28304,1.7115,1.7115,0.0,8.234e-05
1,1,8280,28304,1.7093,1.7093,0.0,8.23e-05
1,1,8290,28304,1.8058,1.8058,0.0,8.226e-05
1,1,8300,28304,1.8174,1.8174,0.0,8.222e-05
1,1,8310,28304,1.7729,1.7729,0.0,8.218e-05
1,1,8320,28304,1.7852,1.7852,0.0,8.214e-05
1,1,8330,28304,1.7363,1.7363,0.0,8.21e-05
1,1,8340,28304,1.7157,1.7157,0.0,8.206e-05
1,1,8350,28304,1.8523,1.8523,0.0,8.202e-05
1,1,8360,28304,1.7884,1.7884,0.0,8.198e-05
1,1,8370,28304,1.8262,1.8262,0.0,8.194e-05
1,1,8380,28304,1.8281,1.8281,0.0,8.19e-05
1,1,8390,28304,1.8377,1.8377,0.0,8.186e-05
1,1,8400,28304,1.9013,1.9013,0.0,8.182e-05
1,1,8410,28304,1.7981,1.7981,0.0,8.178e-05
1,1,8420,28304,1.8583,1.8583,0.0,8.174e-05
1,1,8430,28304,1.905,1.905,0.0,8.17e-05
1,1,8440,28304,1.802,1.802,0.0,8.166e-05
1,1,8450,28304,1.8437,1.8437,0.0,8.162e-05
1,1,8460,28304,1.7584,1.7584,0.0,8.158e-05
1,1,8470,28304,1.8224,1.8224,0.0,8.154e-05
1,1,8480,28304,1.8336,1.8336,0.0,8.15e-05
1,1,8490,28304,1.7953,1.7953,0.0,8.146e-05
1,1,8500,28304,1.765,1.765,0.0,8.141e-05
1,1,8510,28304,1.7262,1.7262,0.0,8.137e-05
1,1,8520,28304,1.9676,1.9676,0.0,8.133e-05
1,1,8530,28304,1.8582,1.8582,0.0,8.129e-05
1,1,8540,28304,1.7285,1.7285,0.0,8.125e-05
1,1,8550,28304,1.9522,1.9522,0.0,8.121e-05
1,1,8560,28304,1.8028,1.8028,0.0,8.117e-05
1,1,8570,28304,1.9037,1.9037,0.0,8.113e-05
1,1,8580,28304,1.7737,1.7737,0.0,8.109e-05
1,1,8590,28304,1.9007,1.9007,0.0,8.105e-05
1,1,8600,28304,1.9797,1.9797,0.0,8.101e-05
1,1,8610,28304,1.7484,1.7484,0.0,8.097e-05
1,1,8620,28304,1.882,1.882,0.0,8.093e-05
1,1,8630,28304,1.8837,1.8837,0.0,8.089e-05
1,1,8640,28304,1.8969,1.8969,0.0,8.085e-05
1,1,8650,28304,1.7863,1.7863,0.0,8.08e-05
1,1,8660,28304,1.8884,1.8884,0.0,8.076e-05
1,1,8670,28304,1.7796,1.7796,0.0,8.072e-05
1,1,8680,28304,1.8715,1.8715,0.0,8.068e-05
1,1,8690,28304,1.8471,1.8471,0.0,8.064e-05
1,1,8700,28304,1.6499,1.6499,0.0,8.06e-05
1,1,8710,28304,1.9566,1.9566,0.0,8.056e-05
1,1,8720,28304,1.8595,1.8595,0.0,8.052e-05
1,1,8730,28304,1.8897,1.8897,0.0,8.048e-05
1,1,8740,28304,1.7719,1.7719,0.0,8.044e-05
1,1,8750,28304,2.0293,2.0293,0.0,8.039e-05
1,1,8760,28304,1.919,1.919,0.0,8.035e-05
1,1,8770,28304,1.644,1.644,0.0,8.031e-05
1,1,8780,28304,1.9284,1.9284,0.0,8.027e-05
1,1,8790,28304,1.8343,1.8343,0.0,8.023e-05
1,1,8800,28304,1.7859,1.7859,0.0,8.019e-05
1,1,8810,28304,1.8126,1.8126,0.0,8.015e-05
1,1,8820,28304,1.8459,1.8459,0.0,8.01e-05
1,1,8830,28304,1.9543,1.9543,0.0,8.006e-05
1,1,8840,28304,1.9287,1.9287,0.0,8.002e-05
1,1,8850,28304,1.8296,1.8296,0.0,7.998e-05
1,1,8860,28304,1.9087,1.9087,0.0,7.994e-05
1,1,8870,28304,1.828,1.828,0.0,7.99e-05
1,1,8880,28304,1.8073,1.8073,0.0,7.986e-05
1,1,8890,28304,1.758,1.758,0.0,7.981e-05
1,1,8900,28304,1.8148,1.8148,0.0,7.977e-05
1,1,8910,28304,1.7414,1.7414,0.0,7.973e-05
1,1,8920,28304,1.7524,1.7524,0.0,7.969e-05
1,1,8930,28304,1.7196,1.7196,0.0,7.965e-05
1,1,8940,28304,1.8382,1.8382,0.0,7.96e-05
1,1,8950,28304,1.8584,1.8584,0.0,7.956e-05
1,1,8960,28304,1.8745,1.8745,0.0,7.952e-05
1,1,8970,28304,1.8564,1.8564,0.0,7.948e-05
1,1,8980,28304,1.817,1.817,0.0,7.944e-05
1,1,8990,28304,2.0369,2.0369,0.0,7.94e-05
1,1,9000,28304,1.7246,1.7246,0.0,7.935e-05
1,1,9010,28304,1.9641,1.9641,0.0,7.931e-05
1,1,9020,28304,1.8132,1.8132,0.0,7.927e-05
1,1,9030,28304,1.8876,1.8876,0.0,7.923e-05
1,1,9040,28304,1.7185,1.7185,0.0,7.919e-05
1,1,9050,28304,1.8493,1.8493,0.0,7.914e-05
1,1,9060,28304,1.8086,1.8086,0.0,7.91e-05
1,1,9070,28304,1.8513,1.8513,0.0,7.906e-05
1,1,9080,28304,2.028,2.028,0.0,7.902e-05
1,1,9090,28304,1.7665,1.7665,0.0,7.897e-05
1,1,9100,28304,1.8531,1.8531,0.0,7.893e-05
1,1,9110,28304,1.8205,1.8205,0.0,7.889e-05
1,1,9120,28304,1.8667,1.8667,0.0,7.885e-05
1,1,9130,28304,1.7282,1.7282,0.0,7.88e-05
1,1,9140,28304,1.947,1.947,0.0,7.876e-05
1,1,9150,28304,1.8042,1.8042,0.0,7.872e-05
1,1,9160,28304,1.7778,1.7778,0.0,7.868e-05
1,1,9170,28304,1.9287,1.9287,0.0,7.863e-05
1,1,9180,28304,1.9177,1.9177,0.0,7.859e-05
1,1,9190,28304,1.7243,1.7243,0.0,7.855e-05
1,1,9200,28304,1.8663,1.8663,0.0,7.851e-05
1,1,9210,28304,1.933,1.933,0.0,7.846e-05
1,1,9220,28304,1.7877,1.7877,0.0,7.842e-05
1,1,9230,28304,1.9056,1.9056,0.0,7.838e-05
1,1,9240,28304,1.8738,1.8738,0.0,7.834e-05
1,1,9250,28304,1.842,1.842,0.0,7.829e-05
1,1,9260,28304,1.8205,1.8205,0.0,7.825e-05
1,1,9270,28304,1.8049,1.8049,0.0,7.821e-05
1,1,9280,28304,1.8922,1.8922,0.0,7.817e-05
1,1,9290,28304,1.896,1.896,0.0,7.812e-05
1,1,9300,28304,1.7994,1.7994,0.0,7.808e-05
1,1,9310,28304,1.7721,1.7721,0.0,7.804e-05
1,1,9320,28304,1.8262,1.8262,0.0,7.799e-05
1,1,9330,28304,1.8683,1.8683,0.0,7.795e-05
1,1,9340,28304,1.7835,1.7835,0.0,7.791e-05
1,1,9350,28304,1.6791,1.6791,0.0,7.787e-05
1,1,9360,28304,1.9895,1.9895,0.0,7.782e-05
1,1,9370,28304,1.8756,1.8756,0.0,7.778e-05
1,1,9380,28304,1.8427,1.8427,0.0,7.774e-05
1,1,9390,28304,1.8283,1.8283,0.0,7.769e-05
1,1,9400,28304,1.8747,1.8747,0.0,7.765e-05
1,1,9410,28304,1.7691,1.7691,0.0,7.761e-05
1,1,9420,28304,1.6722,1.6722,0.0,7.756e-05
1,1,9430,28304,1.702,1.702,0.0,7.752e-05
1,1,9440,28304,1.7185,1.7185,0.0,7.748e-05
1,1,9450,28304,1.8763,1.8763,0.0,7.743e-05
1,1,9460,28304,1.8206,1.8206,0.0,7.739e-05
1,1,9470,28304,1.8028,1.8028,0.0,7.735e-05
1,1,9480,28304,1.8273,1.8273,0.0,7.73e-05
1,1,9490,28304,1.8673,1.8673,0.0,7.726e-05
1,1,9500,28304,1.7939,1.7939,0.0,7.722e-05
1,1,9510,28304,1.8593,1.8593,0.0,7.717e-05
1,1,9520,28304,1.8808,1.8808,0.0,7.713e-05
1,1,9530,28304,1.7478,1.7478,0.0,7.709e-05
1,1,9540,28304,1.8844,1.8844,0.0,7.704e-05
1,1,9550,28304,1.7888,1.7888,0.0,7.7e-05
1,1,9560,28304,1.8478,1.8478,0.0,7.696e-05
1,1,9570,28304,1.797,1.797,0.0,7.691e-05
1,1,9580,28304,1.8282,1.8282,0.0,7.687e-05
1,1,9590,28304,1.6937,1.6937,0.0,7.682e-05
1,1,9600,28304,1.7535,1.7535,0.0,7.678e-05
1,1,9610,28304,1.836,1.836,0.0,7.674e-05
1,1,9620,28304,1.73,1.73,0.0,7.669e-05
1,1,9630,28304,1.8096,1.8096,0.0,7.665e-05
1,1,9640,28304,1.8671,1.8671,0.0,7.661e-05
1,1,9650,28304,1.7738,1.7738,0.0,7.656e-05
1,1,9660,28304,1.8001,1.8001,0.0,7.652e-05
1,1,9670,28304,1.8804,1.8804,0.0,7.647e-05
1,1,9680,28304,1.8897,1.8897,0.0,7.643e-05
1,1,9690,28304,1.7557,1.7557,0.0,7.639e-05
1,1,9700,28304,1.8971,1.8971,0.0,7.634e-05
1,1,9710,28304,1.809,1.809,0.0,7.63e-05
1,1,9720,28304,1.7366,1.7366,0.0,7.625e-05
1,1,9730,28304,1.8022,1.8022,0.0,7.621e-05
1,1,9740,28304,1.9052,1.9052,0.0,7.617e-05
1,1,9750,28304,1.7437,1.7437,0.0,7.612e-05
1,1,9760,28304,1.8261,1.8261,0.0,7.608e-05
1,1,9770,28304,1.8543,1.8543,0.0,7.603e-05
1,1,9780,28304,1.813,1.813,0.0,7.599e-05
1,1,9790,28304,1.8146,1.8146,0.0,7.595e-05
1,1,9800,28304,1.8264,1.8264,0.0,7.59e-05
1,1,9810,28304,1.8165,1.8165,0.0,7.586e-05
1,1,9820,28304,1.8305,1.8305,0.0,7.581e-05
1,1,9830,28304,1.8227,1.8227,0.0,7.577e-05
1,1,9840,28304,1.6983,1.6983,0.0,7.572e-05
1,1,9850,28304,1.872,1.872,0.0,7.568e-05
1,1,9860,28304,1.8849,1.8849,0.0,7.564e-05
1,1,9870,28304,1.9558,1.9558,0.0,7.559e-05
1,1,9880,28304,1.7849,1.7849,0.0,7.555e-05
1,1,9890,28304,1.9041,1.9041,0.0,7.55e-05
1,1,9900,28304,1.7639,1.7639,0.0,7.546e-05
1,1,9910,28304,1.8429,1.8429,0.0,7.541e-05
1,1,9920,28304,1.7133,1.7133,0.0,7.537e-05
1,1,9930,28304,1.7882,1.7882,0.0,7.532e-05
1,1,9940,28304,1.6655,1.6655,0.0,7.528e-05
1,1,9950,28304,1.6698,1.6698,0.0,7.524e-05
1,1,9960,28304,1.8822,1.8822,0.0,7.519e-05
1,1,9970,28304,1.796,1.796,0.0,7.515e-05
1,1,9980,28304,1.9085,1.9085,0.0,7.51e-05
1,1,9990,28304,1.7737,1.7737,0.0,7.506e-05
1,1,10000,28304,1.7951,1.7951,0.0,7.501e-05
1,1,10010,28304,1.8398,1.8398,0.0,7.497e-05
1,1,10020,28304,1.8131,1.8131,0.0,7.492e-05
1,1,10030,28304,1.9341,1.9341,0.0,7.488e-05
1,1,10040,28304,1.6742,1.6742,0.0,7.483e-05
1,1,10050,28304,1.8572,1.8572,0.0,7.479e-05
1,1,10060,28304,1.9018,1.9018,0.0,7.474e-05
1,1,10070,28304,1.7468,1.7468,0.0,7.47e-05
1,1,10080,28304,1.7668,1.7668,0.0,7.465e-05
1,1,10090,28304,1.6855,1.6855,0.0,7.461e-05
1,1,10100,28304,1.8958,1.8958,0.0,7.456e-05
1,1,10110,28304,1.7591,1.7591,0.0,7.452e-05
1,1,10120,28304,1.8334,1.8334,0.0,7.447e-05
1,1,10130,28304,1.9079,1.9079,0.0,7.443e-05
1,1,10140,28304,1.8133,1.8133,0.0,7.438e-05
1,1,10150,28304,1.912,1.912,0.0,7.434e-05
1,1,10160,28304,1.7445,1.7445,0.0,7.429e-05
1,1,10170,28304,1.9512,1.9512,0.0,7.425e-05
1,1,10180,28304,1.9339,1.9339,0.0,7.42e-05
1,1,10190,28304,1.7817,1.7817,0.0,7.416e-05
1,1,10200,28304,1.7453,1.7453,0.0,7.411e-05
1,1,10210,28304,1.843,1.843,0.0,7.407e-05
1,1,10220,28304,1.8626,1.8626,0.0,7.402e-05
1,1,10230,28304,1.8004,1.8004,0.0,7.398e-05
1,1,10240,28304,1.8508,1.8508,0.0,7.393e-05
1,1,10250,28304,1.6573,1.6573,0.0,7.389e-05
1,1,10260,28304,1.8002,1.8002,0.0,7.384e-05
1,1,10270,28304,1.8379,1.8379,0.0,7.38e-05
1,1,10280,28304,1.8364,1.8364,0.0,7.375e-05
1,1,10290,28304,1.6942,1.6942,0.0,7.37e-05
1,1,10300,28304,1.8859,1.8859,0.0,7.366e-05
1,1,10310,28304,1.8318,1.8318,0.0,7.361e-05
1,1,10320,28304,1.5999,1.5999,0.0,7.357e-05
1,1,10330,28304,1.8335,1.8335,0.0,7.352e-05
1,1,10340,28304,1.7209,1.7209,0.0,7.348e-05
1,1,10350,28304,1.8085,1.8085,0.0,7.343e-05
1,1,10360,28304,1.936,1.936,0.0,7.339e-05
1,1,10370,28304,1.6854,1.6854,0.0,7.334e-05
1,1,10380,28304,1.8159,1.8159,0.0,7.329e-05
1,1,10390,28304,1.6733,1.6733,0.0,7.325e-05
1,1,10400,28304,1.7428,1.7428,0.0,7.32e-05
1,1,10410,28304,1.8844,1.8844,0.0,7.316e-05
1,1,10420,28304,1.7525,1.7525,0.0,7.311e-05
1,1,10430,28304,1.8113,1.8113,0.0,7.307e-05
1,1,10440,28304,1.754,1.754,0.0,7.302e-05
1,1,10450,28304,1.8015,1.8015,0.0,7.297e-05
1,1,10460,28304,1.9389,1.9389,0.0,7.293e-05
1,1,10470,28304,1.8752,1.8752,0.0,7.288e-05
1,1,10480,28304,1.8894,1.8894,0.0,7.284e-05
1,1,10490,28304,1.6845,1.6845,0.0,7.279e-05
1,1,10500,28304,2.1094,2.1094,0.0,7.275e-05
1,1,10510,28304,1.8383,1.8383,0.0,7.27e-05
1,1,10520,28304,1.8156,1.8156,0.0,7.265e-05
1,1,10530,28304,2.013,2.013,0.0,7.261e-05
1,1,10540,28304,1.713,1.713,0.0,7.256e-05
1,1,10550,28304,1.8302,1.8302,0.0,7.252e-05
1,1,10560,28304,1.6957,1.6957,0.0,7.247e-05
1,1,10570,28304,1.828,1.828,0.0,7.242e-05
1,1,10580,28304,1.7327,1.7327,0.0,7.238e-05
1,1,10590,28304,1.889,1.889,0.0,7.233e-05
1,1,10600,28304,1.762,1.762,0.0,7.229e-05
1,1,10610,28304,1.804,1.804,0.0,7.224e-05
1,1,10620,28304,1.9962,1.9962,0.0,7.219e-05
1,1,10630,28304,1.9383,1.9383,0.0,7.215e-05
1,1,10640,28304,1.7554,1.7554,0.0,7.21e-05
1,1,10650,28304,1.7911,1.7911,0.0,7.205e-05
1,1,10660,28304,1.6739,1.6739,0.0,7.201e-05
1,1,10670,28304,1.8288,1.8288,0.0,7.196e-05
1,1,10680,28304,1.7876,1.7876,0.0,7.192e-05
1,1,10690,28304,1.7761,1.7761,0.0,7.187e-05
1,1,10700,28304,1.9014,1.9014,0.0,7.182e-05
1,1,10710,28304,1.8145,1.8145,0.0,7.178e-05
1,1,10720,28304,1.7327,1.7327,0.0,7.173e-05
1,1,10730,28304,1.8103,1.8103,0.0,7.168e-05
1,1,10740,28304,1.8433,1.8433,0.0,7.164e-05
1,1,10750,28304,1.8848,1.8848,0.0,7.159e-05
1,1,10760,28304,1.9353,1.9353,0.0,7.154e-05
1,1,10770,28304,1.756,1.756,0.0,7.15e-05
1,1,10780,28304,1.8574,1.8574,0.0,7.145e-05
1,1,10790,28304,1.7253,1.7253,0.0,7.141e-05
1,1,10800,28304,1.8889,1.8889,0.0,7.136e-05
1,1,10810,28304,1.8411,1.8411,0.0,7.131e-05
1,1,10820,28304,1.8474,1.8474,0.0,7.127e-05
1,1,10830,28304,1.8804,1.8804,0.0,7.122e-05
1,1,10840,28304,1.7602,1.7602,0.0,7.117e-05
1,1,10850,28304,1.8074,1.8074,0.0,7.113e-05
1,1,10860,28304,1.7184,1.7184,0.0,7.108e-05
1,1,10870,28304,1.8536,1.8536,0.0,7.103e-05
1,1,10880,28304,1.8543,1.8543,0.0,7.099e-05
1,1,10890,28304,1.9008,1.9008,0.0,7.094e-05
1,1,10900,28304,1.9122,1.9122,0.0,7.089e-05
1,1,10910,28304,1.7749,1.7749,0.0,7.085e-05
1,1,10920,28304,1.8967,1.8967,0.0,7.08e-05
1,1,10930,28304,2.0071,2.0071,0.0,7.075e-05
1,1,10940,28304,1.7391,1.7391,0.0,7.071e-05
1,1,10950,28304,1.7131,1.7131,0.0,7.066e-05
1,1,10960,28304,1.913,1.913,0.0,7.061e-05
1,1,10970,28304,1.6972,1.6972,0.0,7.056e-05
1,1,10980,28304,1.881,1.881,0.0,7.052e-05
1,1,10990,28304,1.7681,1.7681,0.0,7.047e-05
1,1,11000,28304,1.8871,1.8871,0.0,7.042e-05
1,1,11010,28304,1.8694,1.8694,0.0,7.038e-05
1,1,11020,28304,1.8459,1.8459,0.0,7.033e-05
1,1,11030,28304,1.8744,1.8744,0.0,7.028e-05
1,1,11040,28304,1.7719,1.7719,0.0,7.024e-05
1,1,11050,28304,1.7302,1.7302,0.0,7.019e-05
1,1,11060,28304,1.7321,1.7321,0.0,7.014e-05
1,1,11070,28304,1.7974,1.7974,0.0,7.01e-05
1,1,11080,28304,1.7755,1.7755,0.0,7.005e-05
1,1,11090,28304,1.9386,1.9386,0.0,7e-05
1,1,11100,28304,1.8474,1.8474,0.0,6.995e-05
1,1,11110,28304,1.8291,1.8291,0.0,6.991e-05
1,1,11120,28304,1.6937,1.6937,0.0,6.986e-05
1,1,11130,28304,1.8473,1.8473,0.0,6.981e-05
1,1,11140,28304,1.9405,1.9405,0.0,6.977e-05
1,1,11150,28304,1.7346,1.7346,0.0,6.972e-05
1,1,11160,28304,1.9605,1.9605,0.0,6.967e-05
1,1,11170,28304,1.6805,1.6805,0.0,6.962e-05
1,1,11180,28304,1.811,1.811,0.0,6.958e-05
1,1,11190,28304,1.829,1.829,0.0,6.953e-05
1,1,11200,28304,1.7851,1.7851,0.0,6.948e-05
1,1,11210,28304,1.8603,1.8603,0.0,6.943e-05
1,1,11220,28304,1.8377,1.8377,0.0,6.939e-05
1,1,11230,28304,1.8227,1.8227,0.0,6.934e-05
1,1,11240,28304,1.8611,1.8611,0.0,6.929e-05
1,1,11250,28304,1.8058,1.8058,0.0,6.925e-05
1,1,11260,28304,1.7639,1.7639,0.0,6.92e-05
1,1,11270,28304,1.7771,1.7771,0.0,6.915e-05
1,1,11280,28304,1.9492,1.9492,0.0,6.91e-05
1,1,11290,28304,1.7573,1.7573,0.0,6.906e-05
1,1,11300,28304,1.873,1.873,0.0,6.901e-05
1,1,11310,28304,1.7251,1.7251,0.0,6.896e-05
1,1,11320,28304,2.0005,2.0005,0.0,6.891e-05
1,1,11330,28304,1.9018,1.9018,0.0,6.887e-05
1,1,11340,28304,1.7966,1.7966,0.0,6.882e-05
1,1,11350,28304,1.8806,1.8806,0.0,6.877e-05
1,1,11360,28304,1.8516,1.8516,0.0,6.872e-05
1,1,11370,28304,1.8785,1.8785,0.0,6.868e-05
1,1,11380,28304,1.9364,1.9364,0.0,6.863e-05
1,1,11390,28304,1.7644,1.7644,0.0,6.858e-05
1,1,11400,28304,1.8255,1.8255,0.0,6.853e-05
1,1,11410,28304,1.7365,1.7365,0.0,6.849e-05
1,1,11420,28304,1.8149,1.8149,0.0,6.844e-05
1,1,11430,28304,1.9484,1.9484,0.0,6.839e-05
1,1,11440,28304,1.9537,1.9537,0.0,6.834e-05
1,1,11450,28304,1.8494,1.8494,0.0,6.829e-05
1,1,11460,28304,1.8749,1.8749,0.0,6.825e-05
1,1,11470,28304,1.8402,1.8402,0.0,6.82e-05
1,1,11480,28304,1.8276,1.8276,0.0,6.815e-05
1,1,11490,28304,1.9797,1.9797,0.0,6.81e-05
1,1,11500,28304,1.7073,1.7073,0.0,6.806e-05
1,1,11510,28304,1.946,1.946,0.0,6.801e-05
1,1,11520,28304,1.8111,1.8111,0.0,6.796e-05
1,1,11530,28304,1.799,1.799,0.0,6.791e-05
1,1,11540,28304,1.8042,1.8042,0.0,6.786e-05
1,1,11550,28304,1.8573,1.8573,0.0,6.782e-05
1,1,11560,28304,1.7634,1.7634,0.0,6.777e-05
1,1,11570,28304,1.7156,1.7156,0.0,6.772e-05
1,1,11580,28304,1.6866,1.6866,0.0,6.767e-05
1,1,11590,28304,1.8037,1.8037,0.0,6.762e-05
1,1,11600,28304,1.8577,1.8577,0.0,6.758e-05
1,1,11610,28304,1.8516,1.8516,0.0,6.753e-05
1,1,11620,28304,1.7987,1.7987,0.0,6.748e-05
1,1,11630,28304,1.9482,1.9482,0.0,6.743e-05
1,1,11640,28304,1.835,1.835,0.0,6.738e-05
1,1,11650,28304,1.7637,1.7637,0.0,6.734e-05
1,1,11660,28304,1.8009,1.8009,0.0,6.729e-05
1,1,11670,28304,1.8934,1.8934,0.0,6.724e-05
1,1,11680,28304,1.8456,1.8456,0.0,6.719e-05
1,1,11690,28304,1.8295,1.8295,0.0,6.714e-05
1,1,11700,28304,1.6651,1.6651,0.0,6.71e-05
1,1,11710,28304,1.73,1.73,0.0,6.705e-05
1,1,11720,28304,1.738,1.738,0.0,6.7e-05
1,1,11730,28304,1.8909,1.8909,0.0,6.695e-05
1,1,11740,28304,1.7235,1.7235,0.0,6.69e-05
1,1,11750,28304,1.8701,1.8701,0.0,6.686e-05
1,1,11760,28304,1.7708,1.7708,0.0,6.681e-05
1,1,11770,28304,1.8162,1.8162,0.0,6.676e-05
1,1,11780,28304,1.8589,1.8589,0.0,6.671e-05
1,1,11790,28304,1.7366,1.7366,0.0,6.666e-05
1,1,11800,28304,1.9578,1.9578,0.0,6.661e-05
1,1,11810,28304,1.851,1.851,0.0,6.657e-05
1,1,11820,28304,1.8536,1.8536,0.0,6.652e-05
1,1,11830,28304,1.859,1.859,0.0,6.647e-05
1,1,11840,28304,1.7684,1.7684,0.0,6.642e-05
1,1,11850,28304,1.8216,1.8216,0.0,6.637e-05
1,1,11860,28304,1.9364,1.9364,0.0,6.632e-05
1,1,11870,28304,1.938,1.938,0.0,6.628e-05
1,1,11880,28304,1.8476,1.8476,0.0,6.623e-05
1,1,11890,28304,1.7872,1.7872,0.0,6.618e-05
1,1,11900,28304,1.8613,1.8613,0.0,6.613e-05
1,1,11910,28304,1.8579,1.8579,0.0,6.608e-05
1,1,11920,28304,1.7979,1.7979,0.0,6.603e-05
1,1,11930,28304,1.7838,1.7838,0.0,6.599e-05
1,1,11940,28304,1.6487,1.6487,0.0,6.594e-05
1,1,11950,28304,1.8165,1.8165,0.0,6.589e-05
1,1,11960,28304,1.779,1.779,0.0,6.584e-05
1,1,11970,28304,1.9776,1.9776,0.0,6.579e-05
1,1,11980,28304,1.7897,1.7897,0.0,6.574e-05
1,1,11990,28304,1.7958,1.7958,0.0,6.57e-05
1,1,12000,28304,1.8124,1.8124,0.0,6.565e-05
1,1,12010,28304,1.8438,1.8438,0.0,6.56e-05
1,1,12020,28304,1.8593,1.8593,0.0,6.555e-05
1,1,12030,28304,1.746,1.746,0.0,6.55e-05
1,1,12040,28304,1.813,1.813,0.0,6.545e-05
1,1,12050,28304,1.9457,1.9457,0.0,6.54e-05
1,1,12060,28304,1.7065,1.7065,0.0,6.536e-05
1,1,12070,28304,1.8814,1.8814,0.0,6.531e-05
1,1,12080,28304,1.8819,1.8819,0.0,6.526e-05
1,1,12090,28304,1.822,1.822,0.0,6.521e-05
1,1,12100,28304,1.7686,1.7686,0.0,6.516e-05
1,1,12110,28304,1.8252,1.8252,0.0,6.511e-05
1,1,12120,28304,1.7132,1.7132,0.0,6.506e-05
1,1,12130,28304,1.9203,1.9203,0.0,6.501e-05
1,1,12140,28304,1.8662,1.8662,0.0,6.497e-05
1,1,12150,28304,1.9566,1.9566,0.0,6.492e-05
1,1,12160,28304,1.8101,1.8101,0.0,6.487e-05
1,1,12170,28304,1.9377,1.9377,0.0,6.482e-05
1,1,12180,28304,1.8674,1.8674,0.0,6.477e-05
1,1,12190,28304,1.8487,1.8487,0.0,6.472e-05
1,1,12200,28304,1.7281,1.7281,0.0,6.467e-05
1,1,12210,28304,1.773,1.773,0.0,6.462e-05
1,1,12220,28304,1.8429,1.8429,0.0,6.458e-05
1,1,12230,28304,1.9124,1.9124,0.0,6.453e-05
1,1,12240,28304,1.8595,1.8595,0.0,6.448e-05
1,1,12250,28304,1.8312,1.8312,0.0,6.443e-05
1,1,12260,28304,1.8285,1.8285,0.0,6.438e-05
1,1,12270,28304,1.9416,1.9416,0.0,6.433e-05
1,1,12280,28304,1.7987,1.7987,0.0,6.428e-05
1,1,12290,28304,1.786,1.786,0.0,6.423e-05
1,1,12300,28304,1.786,1.786,0.0,6.419e-05
1,1,12310,28304,1.8954,1.8954,0.0,6.414e-05
1,1,12320,28304,1.985,1.985,0.0,6.409e-05
1,1,12330,28304,1.9194,1.9194,0.0,6.404e-05
1,1,12340,28304,1.8076,1.8076,0.0,6.399e-05
1,1,12350,28304,1.8031,1.8031,0.0,6.394e-05
1,1,12360,28304,1.7857,1.7857,0.0,6.389e-05
1,1,12370,28304,1.8422,1.8422,0.0,6.384e-05
1,1,12380,28304,1.9357,1.9357,0.0,6.379e-05
1,1,12390,28304,1.9563,1.9563,0.0,6.374e-05
1,1,12400,28304,1.8344,1.8344,0.0,6.37e-05
1,1,12410,28304,1.7729,1.7729,0.0,6.365e-05
1,1,12420,28304,1.8356,1.8356,0.0,6.36e-05
1,1,12430,28304,1.877,1.877,0.0,6.355e-05
1,1,12440,28304,1.8812,1.8812,0.0,6.35e-05
1,1,12450,28304,1.8675,1.8675,0.0,6.345e-05
1,1,12460,28304,1.8317,1.8317,0.0,6.34e-05
1,1,12470,28304,1.7648,1.7648,0.0,6.335e-05
1,1,12480,28304,1.9478,1.9478,0.0,6.33e-05
1,1,12490,28304,1.949,1.949,0.0,6.325e-05
1,1,12500,28304,1.79,1.79,0.0,6.321e-05
1,1,12510,28304,1.8652,1.8652,0.0,6.316e-05
1,1,12520,28304,1.7788,1.7788,0.0,6.311e-05
1,1,12530,28304,1.8823,1.8823,0.0,6.306e-05
1,1,12540,28304,1.7325,1.7325,0.0,6.301e-05
1,1,12550,28304,1.8128,1.8128,0.0,6.296e-05
1,1,12560,28304,1.8671,1.8671,0.0,6.291e-05
1,1,12570,28304,1.5806,1.5806,0.0,6.286e-05
1,1,12580,28304,1.939,1.939,0.0,6.281e-05
1,1,12590,28304,1.814,1.814,0.0,6.276e-05
1,1,12600,28304,1.7584,1.7584,0.0,6.271e-05
1,1,12610,28304,1.6804,1.6804,0.0,6.266e-05
1,1,12620,28304,1.9313,1.9313,0.0,6.262e-05
1,1,12630,28304,1.7312,1.7312,0.0,6.257e-05
1,1,12640,28304,1.9391,1.9391,0.0,6.252e-05
1,1,12650,28304,1.8207,1.8207,0.0,6.247e-05
1,1,12660,28304,1.9145,1.9145,0.0,6.242e-05
1,1,12670,28304,1.7145,1.7145,0.0,6.237e-05
1,1,12680,28304,1.9311,1.9311,0.0,6.232e-05
1,1,12690,28304,1.6734,1.6734,0.0,6.227e-05
1,1,12700,28304,1.8286,1.8286,0.0,6.222e-05
1,1,12710,28304,1.8462,1.8462,0.0,6.217e-05
1,1,12720,28304,1.86,1.86,0.0,6.212e-05
1,1,12730,28304,1.9154,1.9154,0.0,6.207e-05
1,1,12740,28304,1.7055,1.7055,0.0,6.202e-05
1,1,12750,28304,1.8663,1.8663,0.0,6.197e-05
1,1,12760,28304,1.875,1.875,0.0,6.193e-05
1,1,12770,28304,1.8098,1.8098,0.0,6.188e-05
1,1,12780,28304,1.6753,1.6753,0.0,6.183e-05
1,1,12790,28304,1.9044,1.9044,0.0,6.178e-05
1,1,12800,28304,1.7995,1.7995,0.0,6.173e-05
1,1,12810,28304,1.8018,1.8018,0.0,6.168e-05
1,1,12820,28304,1.8323,1.8323,0.0,6.163e-05
1,1,12830,28304,1.6569,1.6569,0.0,6.158e-05
1,1,12840,28304,1.848,1.848,0.0,6.153e-05
1,1,12850,28304,1.7593,1.7593,0.0,6.148e-05
1,1,12860,28304,1.6658,1.6658,0.0,6.143e-05
1,1,12870,28304,1.7325,1.7325,0.0,6.138e-05
1,1,12880,28304,1.7631,1.7631,0.0,6.133e-05
1,1,12890,28304,1.8582,1.8582,0.0,6.128e-05
1,1,12900,28304,1.862,1.862,0.0,6.123e-05
1,1,12910,28304,1.8447,1.8447,0.0,6.118e-05
1,1,12920,28304,1.7584,1.7584,0.0,6.113e-05
1,1,12930,28304,1.7965,1.7965,0.0,6.108e-05
1,1,12940,28304,1.7829,1.7829,0.0,6.104e-05
1,1,12950,28304,1.9353,1.9353,0.0,6.099e-05
1,1,12960,28304,1.7874,1.7874,0.0,6.094e-05
1,1,12970,28304,1.7836,1.7836,0.0,6.089e-05
1,1,12980,28304,1.769,1.769,0.0,6.084e-05
1,1,12990,28304,1.7318,1.7318,0.0,6.079e-05
1,1,13000,28304,1.8206,1.8206,0.0,6.074e-05
1,1,13010,28304,1.7865,1.7865,0.0,6.069e-05
1,1,13020,28304,1.6764,1.6764,0.0,6.064e-05
1,1,13030,28304,1.6844,1.6844,0.0,6.059e-05
1,1,13040,28304,1.7598,1.7598,0.0,6.054e-05
1,1,13050,28304,1.9502,1.9502,0.0,6.049e-05
1,1,13060,28304,1.8717,1.8717,0.0,6.044e-05
1,1,13070,28304,1.7107,1.7107,0.0,6.039e-05
1,1,13080,28304,1.8617,1.8617,0.0,6.034e-05
1,1,13090,28304,1.7758,1.7758,0.0,6.029e-05
1,1,13100,28304,1.825,1.825,0.0,6.024e-05
1,1,13110,28304,1.688,1.688,0.0,6.019e-05
1,1,13120,28304,1.8173,1.8173,0.0,6.014e-05
1,1,13130,28304,1.7302,1.7302,0.0,6.009e-05
1,1,13140,28304,1.8495,1.8495,0.0,6.004e-05
1,1,13150,28304,1.73,1.73,0.0,5.999e-05
1,1,13160,28304,1.751,1.751,0.0,5.994e-05
1,1,13170,28304,1.7633,1.7633,0.0,5.99e-05
1,1,13180,28304,1.9164,1.9164,0.0,5.985e-05
1,1,13190,28304,1.9866,1.9866,0.0,5.98e-05
1,1,13200,28304,1.765,1.765,0.0,5.975e-05
1,1,13210,28304,1.7609,1.7609,0.0,5.97e-05
1,1,13220,28304,1.8399,1.8399,0.0,5.965e-05
1,1,13230,28304,1.8477,1.8477,0.0,5.96e-05
1,1,13240,28304,1.7323,1.7323,0.0,5.955e-05
1,1,13250,28304,1.7412,1.7412,0.0,5.95e-05
1,1,13260,28304,1.7255,1.7255,0.0,5.945e-05
1,1,13270,28304,1.771,1.771,0.0,5.94e-05
1,1,13280,28304,1.813,1.813,0.0,5.935e-05
1,1,13290,28304,1.7465,1.7465,0.0,5.93e-05
1,1,13300,28304,1.8681,1.8681,0.0,5.925e-05
1,1,13310,28304,1.7918,1.7918,0.0,5.92e-05
1,1,13320,28304,1.8014,1.8014,0.0,5.915e-05
1,1,13330,28304,1.7489,1.7489,0.0,5.91e-05
1,1,13340,28304,1.8772,1.8772,0.0,5.905e-05
1,1,13350,28304,1.7907,1.7907,0.0,5.9e-05
1,1,13360,28304,1.7878,1.7878,0.0,5.895e-05
1,1,13370,28304,1.8996,1.8996,0.0,5.89e-05
1,1,13380,28304,1.7138,1.7138,0.0,5.885e-05
1,1,13390,28304,1.8124,1.8124,0.0,5.88e-05
1,1,13400,28304,1.7661,1.7661,0.0,5.875e-05
1,1,13410,28304,1.777,1.777,0.0,5.87e-05
1,1,13420,28304,1.9092,1.9092,0.0,5.865e-05
1,1,13430,28304,1.9146,1.9146,0.0,5.86e-05
1,1,13440,28304,1.7921,1.7921,0.0,5.855e-05
1,1,13450,28304,1.8828,1.8828,0.0,5.85e-05
1,1,13460,28304,1.8087,1.8087,0.0,5.845e-05
1,1,13470,28304,1.8085,1.8085,0.0,5.84e-05
1,1,13480,28304,1.6832,1.6832,0.0,5.835e-05
1,1,13490,28304,1.7858,1.7858,0.0,5.83e-05
1,1,13500,28304,1.7721,1.7721,0.0,5.825e-05
1,1,13510,28304,1.7561,1.7561,0.0,5.82e-05
1,1,13520,28304,1.8527,1.8527,0.0,5.815e-05
1,1,13530,28304,1.8401,1.8401,0.0,5.81e-05
1,1,13540,28304,1.859,1.859,0.0,5.805e-05
1,1,13550,28304,1.7108,1.7108,0.0,5.8e-05
1,1,13560,28304,1.86,1.86,0.0,5.795e-05
1,1,13570,28304,1.8488,1.8488,0.0,5.79e-05
1,1,13580,28304,1.7486,1.7486,0.0,5.786e-05
1,1,13590,28304,1.893,1.893,0.0,5.781e-05
1,1,13600,28304,1.8728,1.8728,0.0,5.776e-05
1,1,13610,28304,1.7201,1.7201,0.0,5.771e-05
1,1,13620,28304,1.8315,1.8315,0.0,5.766e-05
1,1,13630,28304,1.9851,1.9851,0.0,5.761e-05
1,1,13640,28304,1.8194,1.8194,0.0,5.756e-05
1,1,13650,28304,1.7927,1.7927,0.0,5.751e-05
1,1,13660,28304,1.6961,1.6961,0.0,5.746e-05
1,1,13670,28304,1.6693,1.6693,0.0,5.741e-05
1,1,13680,28304,1.7013,1.7013,0.0,5.736e-05
1,1,13690,28304,1.8895,1.8895,0.0,5.731e-05
1,1,13700,28304,1.7888,1.7888,0.0,5.726e-05
1,1,13710,28304,1.7717,1.7717,0.0,5.721e-05
1,1,13720,28304,1.8571,1.8571,0.0,5.716e-05
1,1,13730,28304,1.7824,1.7824,0.0,5.711e-05
1,1,13740,28304,1.891,1.891,0.0,5.706e-05
1,1,13750,28304,1.8847,1.8847,0.0,5.701e-05
1,1,13760,28304,1.7915,1.7915,0.0,5.696e-05
1,1,13770,28304,1.8097,1.8097,0.0,5.691e-05
1,1,13780,28304,1.9702,1.9702,0.0,5.686e-05
1,1,13790,28304,1.821,1.821,0.0,5.681e-05
1,1,13800,28304,1.7538,1.7538,0.0,5.676e-05
1,1,13810,28304,1.9942,1.9942,0.0,5.671e-05
1,1,13820,28304,1.7931,1.7931,0.0,5.666e-05
1,1,13830,28304,1.8381,1.8381,0.0,5.661e-05
1,1,13840,28304,2.0171,2.0171,0.0,5.656e-05
1,1,13850,28304,1.7878,1.7878,0.0,5.651e-05
1,1,13860,28304,1.8166,1.8166,0.0,5.646e-05
1,1,13870,28304,1.8372,1.8372,0.0,5.641e-05
1,1,13880,28304,1.7905,1.7905,0.0,5.636e-05
1,1,13890,28304,1.781,1.781,0.0,5.631e-05
1,1,13900,28304,1.871,1.871,0.0,5.626e-05
1,1,13910,28304,1.9016,1.9016,0.0,5.621e-05
1,1,13920,28304,1.8267,1.8267,0.0,5.616e-05
1,1,13930,28304,1.8823,1.8823,0.0,5.611e-05
1,1,13940,28304,1.7766,1.7766,0.0,5.606e-05
1,1,13950,28304,1.9092,1.9092,0.0,5.601e-05
1,1,13960,28304,1.8251,1.8251,0.0,5.596e-05
1,1,13970,28304,1.8385,1.8385,0.0,5.591e-05
1,1,13980,28304,1.7795,1.7795,0.0,5.586e-05
1,1,13990,28304,1.955,1.955,0.0,5.581e-05
1,1,14000,28304,1.7332,1.7332,0.0,5.576e-05
1,1,14010,28304,1.9278,1.9278,0.0,5.571e-05
1,1,14020,28304,2.0156,2.0156,0.0,5.566e-05
1,1,14030,28304,1.8566,1.8566,0.0,5.561e-05
1,1,14040,28304,1.8937,1.8937,0.0,5.556e-05
1,1,14050,28304,1.6663,1.6663,0.0,5.551e-05
1,1,14060,28304,1.8163,1.8163,0.0,5.546e-05
1,1,14070,28304,1.6467,1.6467,0.0,5.541e-05
1,1,14080,28304,1.8208,1.8208,0.0,5.536e-05
1,1,14090,28304,1.9883,1.9883,0.0,5.531e-05
1,1,14100,28304,1.8397,1.8397,0.0,5.526e-05
1,1,14110,28304,1.8073,1.8073,0.0,5.521e-05
1,1,14120,28304,1.9188,1.9188,0.0,5.516e-05
1,1,14130,28304,1.8189,1.8189,0.0,5.511e-05
1,1,14140,28304,1.9269,1.9269,0.0,5.506e-05
1,1,14150,28304,1.876,1.876,0.0,5.501e-05
1,1,14160,28304,1.9102,1.9102,0.0,5.496e-05
1,1,14170,28304,1.8236,1.8236,0.0,5.491e-05
1,1,14180,28304,1.8031,1.8031,0.0,5.486e-05
1,1,14190,28304,1.9185,1.9185,0.0,5.481e-05
1,1,14200,28304,1.7969,1.7969,0.0,5.476e-05
1,1,14210,28304,1.8404,1.8404,0.0,5.471e-05
1,1,14220,28304,1.8105,1.8105,0.0,5.466e-05
1,1,14230,28304,1.8705,1.8705,0.0,5.461e-05
1,1,14240,28304,1.8853,1.8853,0.0,5.456e-05
1,1,14250,28304,1.8113,1.8113,0.0,5.451e-05
1,1,14260,28304,1.748,1.748,0.0,5.446e-05
1,1,14270,28304,1.7703,1.7703,0.0,5.441e-05
1,1,14280,28304,1.8615,1.8615,0.0,5.436e-05
1,1,14290,28304,1.8288,1.8288,0.0,5.431e-05
1,1,14300,28304,1.7681,1.7681,0.0,5.426e-05
1,1,14310,28304,1.9061,1.9061,0.0,5.421e-05
1,1,14320,28304,1.921,1.921,0.0,5.416e-05
1,1,14330,28304,1.9721,1.9721,0.0,5.411e-05
1,1,14340,28304,1.8183,1.8183,0.0,5.406e-05
1,1,14350,28304,1.8592,1.8592,0.0,5.401e-05
1,1,14360,28304,1.732,1.732,0.0,5.396e-05
1,1,14370,28304,1.6989,1.6989,0.0,5.391e-05
1,1,14380,28304,2.0728,2.0728,0.0,5.386e-05
1,1,14390,28304,1.9125,1.9125,0.0,5.381e-05
1,1,14400,28304,1.9239,1.9239,0.0,5.376e-05
1,1,14410,28304,1.79,1.79,0.0,5.371e-05
1,1,14420,28304,1.6863,1.6863,0.0,5.366e-05
1,1,14430,28304,1.6578,1.6578,0.0,5.361e-05
1,1,14440,28304,1.804,1.804,0.0,5.356e-05
1,1,14450,28304,1.8551,1.8551,0.0,5.351e-05
1,1,14460,28304,1.8201,1.8201,0.0,5.346e-05
1,1,14470,28304,1.8031,1.8031,0.0,5.341e-05
1,1,14480,28304,1.7746,1.7746,0.0,5.336e-05
1,1,14490,28304,1.8422,1.8422,0.0,5.331e-05
1,1,14500,28304,1.8017,1.8017,0.0,5.326e-05
1,1,14510,28304,1.7797,1.7797,0.0,5.321e-05
1,1,14520,28304,1.8687,1.8687,0.0,5.316e-05
1,1,14530,28304,1.8417,1.8417,0.0,5.311e-05
1,1,14540,28304,1.9597,1.9597,0.0,5.306e-05
1,1,14550,28304,1.9266,1.9266,0.0,5.301e-05
1,1,14560,28304,1.7617,1.7617,0.0,5.296e-05
1,1,14570,28304,1.8248,1.8248,0.0,5.291e-05
1,1,14580,28304,1.7901,1.7901,0.0,5.286e-05
1,1,14590,28304,1.7836,1.7836,0.0,5.281e-05
1,1,14600,28304,1.9305,1.9305,0.0,5.276e-05
1,1,14610,28304,1.8304,1.8304,0.0,5.271e-05
1,1,14620,28304,1.7289,1.7289,0.0,5.266e-05
1,1,14630,28304,1.8727,1.8727,0.0,5.261e-05
1,1,14640,28304,1.7518,1.7518,0.0,5.256e-05
1,1,14650,28304,1.8636,1.8636,0.0,5.251e-05
1,1,14660,28304,1.8951,1.8951,0.0,5.246e-05
1,1,14670,28304,1.7583,1.7583,0.0,5.241e-05
1,1,14680,28304,1.8882,1.8882,0.0,5.236e-05
1,1,14690,28304,1.7779,1.7779,0.0,5.231e-05
1,1,14700,28304,1.8883,1.8883,0.0,5.226e-05
1,1,14710,28304,1.9057,1.9057,0.0,5.221e-05
1,1,14720,28304,1.8278,1.8278,0.0,5.216e-05
1,1,14730,28304,1.9404,1.9404,0.0,5.212e-05
1,1,14740,28304,1.7835,1.7835,0.0,5.207e-05
1,1,14750,28304,1.6408,1.6408,0.0,5.202e-05
1,1,14760,28304,1.9831,1.9831,0.0,5.197e-05
1,1,14770,28304,1.8972,1.8972,0.0,5.192e-05
1,1,14780,28304,1.8751,1.8751,0.0,5.187e-05
1,1,14790,28304,1.8451,1.8451,0.0,5.182e-05
1,1,14800,28304,1.757,1.757,0.0,5.177e-05
1,1,14810,28304,1.894,1.894,0.0,5.172e-05
1,1,14820,28304,1.9851,1.9851,0.0,5.167e-05
1,1,14830,28304,1.7875,1.7875,0.0,5.162e-05
1,1,14840,28304,1.7759,1.7759,0.0,5.157e-05
1,1,14850,28304,1.7809,1.7809,0.0,5.152e-05
1,1,14860,28304,1.6686,1.6686,0.0,5.147e-05
1,1,14870,28304,1.8495,1.8495,0.0,5.142e-05
1,1,14880,28304,1.705,1.705,0.0,5.137e-05
1,1,14890,28304,1.9131,1.9131,0.0,5.132e-05
1,1,14900,28304,1.7642,1.7642,0.0,5.127e-05
1,1,14910,28304,1.8524,1.8524,0.0,5.122e-05
1,1,14920,28304,1.7993,1.7993,0.0,5.117e-05
1,1,14930,28304,1.8599,1.8599,0.0,5.112e-05
1,1,14940,28304,1.8881,1.8881,0.0,5.107e-05
1,1,14950,28304,1.8414,1.8414,0.0,5.102e-05
1,1,14960,28304,1.7093,1.7093,0.0,5.097e-05
1,1,14970,28304,1.8605,1.8605,0.0,5.092e-05
1,1,14980,28304,1.815,1.815,0.0,5.087e-05
1,1,14990,28304,1.9095,1.9095,0.0,5.082e-05
1,1,15000,28304,1.8504,1.8504,0.0,5.077e-05
1,1,15010,28304,1.7337,1.7337,0.0,5.072e-05
1,1,15020,28304,1.914,1.914,0.0,5.067e-05
1,1,15030,28304,1.8061,1.8061,0.0,5.062e-05
1,1,15040,28304,1.8878,1.8878,0.0,5.057e-05
1,1,15050,28304,1.8888,1.8888,0.0,5.052e-05
1,1,15060,28304,1.807,1.807,0.0,5.047e-05
1,1,15070,28304,1.7644,1.7644,0.0,5.042e-05
1,1,15080,28304,1.7531,1.7531,0.0,5.037e-05
1,1,15090,28304,1.7072,1.7072,0.0,5.032e-05
1,1,15100,28304,1.816,1.816,0.0,5.027e-05
1,1,15110,28304,1.7435,1.7435,0.0,5.022e-05
1,1,15120,28304,1.6831,1.6831,0.0,5.017e-05
1,1,15130,28304,1.8352,1.8352,0.0,5.012e-05
1,1,15140,28304,1.764,1.764,0.0,5.008e-05
1,1,15150,28304,1.7404,1.7404,0.0,5.003e-05
1,1,15160,28304,1.6844,1.6844,0.0,4.998e-05
1,1,15170,28304,1.8424,1.8424,0.0,4.993e-05
1,1,15180,28304,1.8495,1.8495,0.0,4.988e-05
1,1,15190,28304,1.8982,1.8982,0.0,4.983e-05
1,1,15200,28304,1.8472,1.8472,0.0,4.978e-05
1,1,15210,28304,1.8772,1.8772,0.0,4.973e-05
1,1,15220,28304,1.7175,1.7175,0.0,4.968e-05
1,1,15230,28304,1.8126,1.8126,0.0,4.963e-05
1,1,15240,28304,1.6385,1.6385,0.0,4.958e-05
1,1,15250,28304,1.7271,1.7271,0.0,4.953e-05
1,1,15260,28304,1.9351,1.9351,0.0,4.948e-05
1,1,15270,28304,1.8236,1.8236,0.0,4.943e-05
1,1,15280,28304,1.8616,1.8616,0.0,4.938e-05
1,1,15290,28304,1.7696,1.7696,0.0,4.933e-05
1,1,15300,28304,1.7302,1.7302,0.0,4.928e-05
1,1,15310,28304,1.7157,1.7157,0.0,4.923e-05
1,1,15320,28304,1.736,1.736,0.0,4.918e-05
1,1,15330,28304,1.7374,1.7374,0.0,4.913e-05
1,1,15340,28304,1.8751,1.8751,0.0,4.908e-05
1,1,15350,28304,1.9265,1.9265,0.0,4.903e-05
1,1,15360,28304,1.7455,1.7455,0.0,4.898e-05
1,1,15370,28304,1.7644,1.7644,0.0,4.893e-05
1,1,15380,28304,1.8892,1.8892,0.0,4.889e-05
1,1,15390,28304,1.6661,1.6661,0.0,4.884e-05
1,1,15400,28304,1.6869,1.6869,0.0,4.879e-05
1,1,15410,28304,1.8483,1.8483,0.0,4.874e-05
1,1,15420,28304,1.8439,1.8439,0.0,4.869e-05
1,1,15430,28304,1.6813,1.6813,0.0,4.864e-05
1,1,15440,28304,1.8162,1.8162,0.0,4.859e-05
1,1,15450,28304,1.8366,1.8366,0.0,4.854e-05
1,1,15460,28304,1.9509,1.9509,0.0,4.849e-05
1,1,15470,28304,1.7881,1.7881,0.0,4.844e-05
1,1,15480,28304,1.8174,1.8174,0.0,4.839e-05
1,1,15490,28304,1.7828,1.7828,0.0,4.834e-05
1,1,15500,28304,1.868,1.868,0.0,4.829e-05
1,1,15510,28304,1.7228,1.7228,0.0,4.824e-05
1,1,15520,28304,1.9396,1.9396,0.0,4.819e-05
1,1,15530,28304,1.7911,1.7911,0.0,4.814e-05
1,1,15540,28304,1.7097,1.7097,0.0,4.809e-05
1,1,15550,28304,1.847,1.847,0.0,4.805e-05
1,1,15560,28304,1.7782,1.7782,0.0,4.8e-05
1,1,15570,28304,1.8526,1.8526,0.0,4.795e-05
1,1,15580,28304,1.775,1.775,0.0,4.79e-05
1,1,15590,28304,1.8842,1.8842,0.0,4.785e-05
1,1,15600,28304,1.7525,1.7525,0.0,4.78e-05
1,1,15610,28304,1.8643,1.8643,0.0,4.775e-05
1,1,15620,28304,1.7645,1.7645,0.0,4.77e-05
1,1,15630,28304,1.8073,1.8073,0.0,4.765e-05
1,1,15640,28304,1.6708,1.6708,0.0,4.76e-05
1,1,15650,28304,1.8303,1.8303,0.0,4.755e-05
1,1,15660,28304,1.8667,1.8667,0.0,4.75e-05
1,1,15670,28304,1.7516,1.7516,0.0,4.745e-05
1,1,15680,28304,1.8764,1.8764,0.0,4.74e-05
1,1,15690,28304,1.85,1.85,0.0,4.736e-05
1,1,15700,28304,1.8285,1.8285,0.0,4.731e-05
1,1,15710,28304,1.9246,1.9246,0.0,4.726e-05
1,1,15720,28304,1.7837,1.7837,0.0,4.721e-05
1,1,15730,28304,1.8444,1.8444,0.0,4.716e-05
1,1,15740,28304,1.9496,1.9496,0.0,4.711e-05
1,1,15750,28304,1.93,1.93,0.0,4.706e-05
1,1,15760,28304,1.8501,1.8501,0.0,4.701e-05
1,1,15770,28304,1.7805,1.7805,0.0,4.696e-05
1,1,15780,28304,1.874,1.874,0.0,4.691e-05
1,1,15790,28304,1.8369,1.8369,0.0,4.686e-05
1,1,15800,28304,1.9024,1.9024,0.0,4.681e-05
1,1,15810,28304,1.6743,1.6743,0.0,4.677e-05
1,1,15820,28304,1.8895,1.8895,0.0,4.672e-05
1,1,15830,28304,1.9454,1.9454,0.0,4.667e-05
1,1,15840,28304,1.7638,1.7638,0.0,4.662e-05
1,1,15850,28304,1.6929,1.6929,0.0,4.657e-05
1,1,15860,28304,1.8558,1.8558,0.0,4.652e-05
1,1,15870,28304,1.8269,1.8269,0.0,4.647e-05
1,1,15880,28304,1.8369,1.8369,0.0,4.642e-05
1,1,15890,28304,1.764,1.764,0.0,4.637e-05
1,1,15900,28304,1.8319,1.8319,0.0,4.632e-05
1,1,15910,28304,1.788,1.788,0.0,4.627e-05
1,1,15920,28304,1.8722,1.8722,0.0,4.623e-05
1,1,15930,28304,1.9873,1.9873,0.0,4.618e-05
1,1,15940,28304,1.9095,1.9095,0.0,4.613e-05
1,1,15950,28304,1.7689,1.7689,0.0,4.608e-05
1,1,15960,28304,1.8204,1.8204,0.0,4.603e-05
1,1,15970,28304,1.7087,1.7087,0.0,4.598e-05
1,1,15980,28304,1.7455,1.7455,0.0,4.593e-05
1,1,15990,28304,1.8074,1.8074,0.0,4.588e-05
1,1,16000,28304,1.793,1.793,0.0,4.583e-05
1,1,16010,28304,1.6613,1.6613,0.0,4.579e-05
1,1,16020,28304,1.8502,1.8502,0.0,4.574e-05
1,1,16030,28304,1.7612,1.7612,0.0,4.569e-05
1,1,16040,28304,1.8208,1.8208,0.0,4.564e-05
1,1,16050,28304,1.7789,1.7789,0.0,4.559e-05
1,1,16060,28304,1.7112,1.7112,0.0,4.554e-05
1,1,16070,28304,1.6689,1.6689,0.0,4.549e-05
1,1,16080,28304,1.8505,1.8505,0.0,4.544e-05
1,1,16090,28304,1.7383,1.7383,0.0,4.539e-05
1,1,16100,28304,1.8453,1.8453,0.0,4.535e-05
1,1,16110,28304,1.8354,1.8354,0.0,4.53e-05
1,1,16120,28304,1.7871,1.7871,0.0,4.525e-05
1,1,16130,28304,1.8466,1.8466,0.0,4.52e-05
1,1,16140,28304,1.8884,1.8884,0.0,4.515e-05
1,1,16150,28304,1.9409,1.9409,0.0,4.51e-05
1,1,16160,28304,1.6692,1.6692,0.0,4.505e-05
1,1,16170,28304,1.821,1.821,0.0,4.5e-05
1,1,16180,28304,1.6747,1.6747,0.0,4.496e-05
1,1,16190,28304,1.7285,1.7285,0.0,4.491e-05
1,1,16200,28304,1.8827,1.8827,0.0,4.486e-05
1,1,16210,28304,1.7345,1.7345,0.0,4.481e-05
1,1,16220,28304,2.0376,2.0376,0.0,4.476e-05
1,1,16230,28304,1.9158,1.9158,0.0,4.471e-05
1,1,16240,28304,1.8122,1.8122,0.0,4.466e-05
1,1,16250,28304,1.8325,1.8325,0.0,4.462e-05
1,1,16260,28304,1.6973,1.6973,0.0,4.457e-05
1,1,16270,28304,1.7381,1.7381,0.0,4.452e-05
1,1,16280,28304,1.8447,1.8447,0.0,4.447e-05
1,1,16290,28304,1.7948,1.7948,0.0,4.442e-05
1,1,16300,28304,1.9437,1.9437,0.0,4.437e-05
1,1,16310,28304,1.8203,1.8203,0.0,4.432e-05
1,1,16320,28304,1.616,1.616,0.0,4.428e-05
1,1,16330,28304,1.8437,1.8437,0.0,4.423e-05
1,1,16340,28304,1.8245,1.8245,0.0,4.418e-05
1,1,16350,28304,1.9736,1.9736,0.0,4.413e-05
1,1,16360,28304,1.8075,1.8075,0.0,4.408e-05
1,1,16370,28304,1.73,1.73,0.0,4.403e-05
1,1,16380,28304,1.934,1.934,0.0,4.398e-05
1,1,16390,28304,1.8297,1.8297,0.0,4.394e-05
1,1,16400,28304,1.8529,1.8529,0.0,4.389e-05
1,1,16410,28304,1.8464,1.8464,0.0,4.384e-05
1,1,16420,28304,1.8678,1.8678,0.0,4.379e-05
1,1,16430,28304,1.7486,1.7486,0.0,4.374e-05
1,1,16440,28304,1.9742,1.9742,0.0,4.369e-05
1,1,16450,28304,1.8226,1.8226,0.0,4.365e-05
1,1,16460,28304,1.9427,1.9427,0.0,4.36e-05
1,1,16470,28304,1.7418,1.7418,0.0,4.355e-05
1,1,16480,28304,1.7592,1.7592,0.0,4.35e-05
1,1,16490,28304,1.9164,1.9164,0.0,4.345e-05
1,1,16500,28304,1.8327,1.8327,0.0,4.34e-05
1,1,16510,28304,1.7262,1.7262,0.0,4.336e-05
1,1,16520,28304,1.7214,1.7214,0.0,4.331e-05
1,1,16530,28304,1.692,1.692,0.0,4.326e-05
1,1,16540,28304,1.7888,1.7888,0.0,4.321e-05
1,1,16550,28304,1.6566,1.6566,0.0,4.316e-05
1,1,16560,28304,1.9226,1.9226,0.0,4.312e-05
1,1,16570,28304,1.7987,1.7987,0.0,4.307e-05
1,1,16580,28304,1.8846,1.8846,0.0,4.302e-05
1,1,16590,28304,1.7785,1.7785,0.0,4.297e-05
1,1,16600,28304,1.8057,1.8057,0.0,4.292e-05
1,1,16610,28304,1.7729,1.7729,0.0,4.287e-05
1,1,16620,28304,1.7226,1.7226,0.0,4.283e-05
1,1,16630,28304,1.7942,1.7942,0.0,4.278e-05
1,1,16640,28304,1.7605,1.7605,0.0,4.273e-05
1,1,16650,28304,1.8291,1.8291,0.0,4.268e-05
1,1,16660,28304,1.9616,1.9616,0.0,4.263e-05
1,1,16670,28304,1.9236,1.9236,0.0,4.259e-05
1,1,16680,28304,1.7389,1.7389,0.0,4.254e-05
1,1,16690,28304,1.7878,1.7878,0.0,4.249e-05
1,1,16700,28304,1.7648,1.7648,0.0,4.244e-05
1,1,16710,28304,1.7742,1.7742,0.0,4.239e-05
1,1,16720,28304,1.8278,1.8278,0.0,4.235e-05
1,1,16730,28304,1.7141,1.7141,0.0,4.23e-05
1,1,16740,28304,1.8356,1.8356,0.0,4.225e-05
1,1,16750,28304,1.6977,1.6977,0.0,4.22e-05
1,1,16760,28304,1.7345,1.7345,0.0,4.215e-05
1,1,16770,28304,1.9608,1.9608,0.0,4.211e-05
1,1,16780,28304,1.7867,1.7867,0.0,4.206e-05
1,1,16790,28304,1.8079,1.8079,0.0,4.201e-05
1,1,16800,28304,1.7916,1.7916,0.0,4.196e-05
1,1,16810,28304,1.788,1.788,0.0,4.192e-05
1,1,16820,28304,1.8974,1.8974,0.0,4.187e-05
1,1,16830,28304,1.7899,1.7899,0.0,4.182e-05
1,1,16840,28304,1.7456,1.7456,0.0,4.177e-05
1,1,16850,28304,1.9078,1.9078,0.0,4.172e-05
1,1,16860,28304,1.6525,1.6525,0.0,4.168e-05
1,1,16870,28304,1.7663,1.7663,0.0,4.163e-05
1,1,16880,28304,1.8193,1.8193,0.0,4.158e-05
1,1,16890,28304,1.7012,1.7012,0.0,4.153e-05
1,1,16900,28304,1.7977,1.7977,0.0,4.149e-05
1,1,16910,28304,1.8058,1.8058,0.0,4.144e-05
1,1,16920,28304,1.8774,1.8774,0.0,4.139e-05
1,1,16930,28304,1.7004,1.7004,0.0,4.134e-05
1,1,16940,28304,1.8467,1.8467,0.0,4.13e-05
1,1,16950,28304,1.8815,1.8815,0.0,4.125e-05
1,1,16960,28304,1.8099,1.8099,0.0,4.12e-05
1,1,16970,28304,1.7088,1.7088,0.0,4.115e-05
1,1,16980,28304,1.8768,1.8768,0.0,4.111e-05
1,1,16990,28304,1.8334,1.8334,0.0,4.106e-05
1,1,17000,28304,1.6541,1.6541,0.0,4.101e-05
1,1,17010,28304,1.8468,1.8468,0.0,4.096e-05
1,1,17020,28304,1.7356,1.7356,0.0,4.092e-05
1,1,17030,28304,1.8111,1.8111,0.0,4.087e-05
1,1,17040,28304,1.8929,1.8929,0.0,4.082e-05
1,1,17050,28304,1.7399,1.7399,0.0,4.077e-05
1,1,17060,28304,1.734,1.734,0.0,4.073e-05
1,1,17070,28304,1.9199,1.9199,0.0,4.068e-05
1,1,17080,28304,1.7767,1.7767,0.0,4.063e-05
1,1,17090,28304,1.6758,1.6758,0.0,4.058e-05
1,1,17100,28304,1.8332,1.8332,0.0,4.054e-05
1,1,17110,28304,1.8681,1.8681,0.0,4.049e-05
1,1,17120,28304,1.787,1.787,0.0,4.044e-05
1,1,17130,28304,1.8331,1.8331,0.0,4.039e-05
1,1,17140,28304,1.6255,1.6255,0.0,4.035e-05
1,1,17150,28304,1.7544,1.7544,0.0,4.03e-05
1,1,17160,28304,1.8801,1.8801,0.0,4.025e-05
1,1,17170,28304,1.9263,1.9263,0.0,4.021e-05
1,1,17180,28304,1.9493,1.9493,0.0,4.016e-05
1,1,17190,28304,1.9598,1.9598,0.0,4.011e-05
1,1,17200,28304,1.8656,1.8656,0.0,4.006e-05
1,1,17210,28304,1.8199,1.8199,0.0,4.002e-05
1,1,17220,28304,1.6885,1.6885,0.0,3.997e-05
1,1,17230,28304,1.806,1.806,0.0,3.992e-05
1,1,17240,28304,1.7427,1.7427,0.0,3.988e-05
1,1,17250,28304,1.827,1.827,0.0,3.983e-05
1,1,17260,28304,1.8821,1.8821,0.0,3.978e-05
1,1,17270,28304,1.8617,1.8617,0.0,3.974e-05
1,1,17280,28304,1.8316,1.8316,0.0,3.969e-05
1,1,17290,28304,1.7379,1.7379,0.0,3.964e-05
1,1,17300,28304,1.7515,1.7515,0.0,3.959e-05
1,1,17310,28304,1.8372,1.8372,0.0,3.955e-05
1,1,17320,28304,1.8518,1.8518,0.0,3.95e-05
1,1,17330,28304,1.8103,1.8103,0.0,3.945e-05
1,1,17340,28304,1.7779,1.7779,0.0,3.941e-05
1,1,17350,28304,1.8288,1.8288,0.0,3.936e-05
1,1,17360,28304,1.8979,1.8979,0.0,3.931e-05
1,1,17370,28304,1.8376,1.8376,0.0,3.927e-05
1,1,17380,28304,1.7491,1.7491,0.0,3.922e-05
1,1,17390,28304,1.8444,1.8444,0.0,3.917e-05
1,1,17400,28304,1.921,1.921,0.0,3.913e-05
1,1,17410,28304,1.8177,1.8177,0.0,3.908e-05
1,1,17420,28304,1.7228,1.7228,0.0,3.903e-05
1,1,17430,28304,1.8602,1.8602,0.0,3.899e-05
1,1,17440,28304,1.8375,1.8375,0.0,3.894e-05
1,1,17450,28304,1.8632,1.8632,0.0,3.889e-05
1,1,17460,28304,1.9595,1.9595,0.0,3.885e-05
1,1,17470,28304,1.8277,1.8277,0.0,3.88e-05
1,1,17480,28304,1.7972,1.7972,0.0,3.875e-05
1,1,17490,28304,1.9386,1.9386,0.0,3.871e-05
1,1,17500,28304,1.7927,1.7927,0.0,3.866e-05
1,1,17510,28304,1.8233,1.8233,0.0,3.861e-05
1,1,17520,28304,1.6249,1.6249,0.0,3.857e-05
1,1,17530,28304,1.8173,1.8173,0.0,3.852e-05
1,1,17540,28304,1.7904,1.7904,0.0,3.847e-05
1,1,17550,28304,1.6874,1.6874,0.0,3.843e-05
1,1,17560,28304,1.879,1.879,0.0,3.838e-05
1,1,17570,28304,1.782,1.782,0.0,3.833e-05
1,1,17580,28304,1.7701,1.7701,0.0,3.829e-05
1,1,17590,28304,1.8076,1.8076,0.0,3.824e-05
1,1,17600,28304,1.8942,1.8942,0.0,3.82e-05
1,1,17610,28304,1.7898,1.7898,0.0,3.815e-05
1,1,17620,28304,1.7115,1.7115,0.0,3.81e-05
1,1,17630,28304,1.8028,1.8028,0.0,3.806e-05
1,1,17640,28304,1.7452,1.7452,0.0,3.801e-05
1,1,17650,28304,1.646,1.646,0.0,3.796e-05
1,1,17660,28304,1.8913,1.8913,0.0,3.792e-05
1,1,17670,28304,1.7909,1.7909,0.0,3.787e-05
1,1,17680,28304,1.8144,1.8144,0.0,3.783e-05
1,1,17690,28304,1.7819,1.7819,0.0,3.778e-05
1,1,17700,28304,1.741,1.741,0.0,3.773e-05
1,1,17710,28304,1.8564,1.8564,0.0,3.769e-05
1,1,17720,28304,1.8878,1.8878,0.0,3.764e-05
1,1,17730,28304,1.8763,1.8763,0.0,3.759e-05
1,1,17740,28304,1.8799,1.8799,0.0,3.755e-05
1,1,17750,28304,1.7142,1.7142,0.0,3.75e-05
1,1,17760,28304,1.8478,1.8478,0.0,3.746e-05
1,1,17770,28304,1.7772,1.7772,0.0,3.741e-05
1,1,17780,28304,1.6565,1.6565,0.0,3.736e-05
1,1,17790,28304,1.7338,1.7338,0.0,3.732e-05
1,1,17800,28304,1.7759,1.7759,0.0,3.727e-05
1,1,17810,28304,1.7888,1.7888,0.0,3.723e-05
1,1,17820,28304,1.7998,1.7998,0.0,3.718e-05
1,1,17830,28304,1.7182,1.7182,0.0,3.714e-05
1,1,17840,28304,1.8478,1.8478,0.0,3.709e-05
1,1,17850,28304,1.8586,1.8586,0.0,3.704e-05
1,1,17860,28304,1.7468,1.7468,0.0,3.7e-05
1,1,17870,28304,1.7997,1.7997,0.0,3.695e-05
1,1,17880,28304,1.9126,1.9126,0.0,3.691e-05
1,1,17890,28304,1.8263,1.8263,0.0,3.686e-05
1,1,17900,28304,1.7454,1.7454,0.0,3.681e-05
1,1,17910,28304,1.9447,1.9447,0.0,3.677e-05
1,1,17920,28304,1.7643,1.7643,0.0,3.672e-05
1,1,17930,28304,1.7672,1.7672,0.0,3.668e-05
1,1,17940,28304,1.8855,1.8855,0.0,3.663e-05
1,1,17950,28304,1.8461,1.8461,0.0,3.659e-05
1,1,17960,28304,1.8966,1.8966,0.0,3.654e-05
1,1,17970,28304,1.7626,1.7626,0.0,3.65e-05
1,1,17980,28304,1.709,1.709,0.0,3.645e-05
1,1,17990,28304,1.8687,1.8687,0.0,3.64e-05
1,1,18000,28304,1.7842,1.7842,0.0,3.636e-05
1,1,18010,28304,1.717,1.717,0.0,3.631e-05
1,1,18020,28304,1.9159,1.9159,0.0,3.627e-05
1,1,18030,28304,1.8055,1.8055,0.0,3.622e-05
1,1,18040,28304,1.8629,1.8629,0.0,3.618e-05
1,1,18050,28304,1.9051,1.9051,0.0,3.613e-05
1,1,18060,28304,1.8483,1.8483,0.0,3.609e-05
1,1,18070,28304,1.7819,1.7819,0.0,3.604e-05
1,1,18080,28304,1.7689,1.7689,0.0,3.6e-05
1,1,18090,28304,1.8005,1.8005,0.0,3.595e-05
1,1,18100,28304,1.7445,1.7445,0.0,3.591e-05
1,1,18110,28304,1.8122,1.8122,0.0,3.586e-05
1,1,18120,28304,1.8647,1.8647,0.0,3.582e-05
1,1,18130,28304,1.7266,1.7266,0.0,3.577e-05
1,1,18140,28304,1.8621,1.8621,0.0,3.573e-05
1,1,18150,28304,1.7637,1.7637,0.0,3.568e-05
1,1,18160,28304,1.9139,1.9139,0.0,3.563e-05
1,1,18170,28304,1.8738,1.8738,0.0,3.559e-05
1,1,18180,28304,1.972,1.972,0.0,3.554e-05
1,1,18190,28304,1.7575,1.7575,0.0,3.55e-05
1,1,18200,28304,1.8136,1.8136,0.0,3.545e-05
1,1,18210,28304,1.6716,1.6716,0.0,3.541e-05
1,1,18220,28304,1.7798,1.7798,0.0,3.536e-05
1,1,18230,28304,1.7859,1.7859,0.0,3.532e-05
1,1,18240,28304,1.8051,1.8051,0.0,3.527e-05
1,1,18250,28304,1.7739,1.7739,0.0,3.523e-05
1,1,18260,28304,1.8669,1.8669,0.0,3.519e-05
1,1,18270,28304,1.9345,1.9345,0.0,3.514e-05
1,1,18280,28304,1.7979,1.7979,0.0,3.51e-05
1,1,18290,28304,1.7385,1.7385,0.0,3.505e-05
1,1,18300,28304,1.8826,1.8826,0.0,3.501e-05
1,1,18310,28304,1.7534,1.7534,0.0,3.496e-05
1,1,18320,28304,1.7691,1.7691,0.0,3.492e-05
1,1,18330,28304,1.891,1.891,0.0,3.487e-05
1,1,18340,28304,1.8139,1.8139,0.0,3.483e-05
1,1,18350,28304,1.8167,1.8167,0.0,3.478e-05
1,1,18360,28304,1.8541,1.8541,0.0,3.474e-05
1,1,18370,28304,1.8257,1.8257,0.0,3.469e-05
1,1,18380,28304,1.8393,1.8393,0.0,3.465e-05
1,1,18390,28304,1.7946,1.7946,0.0,3.46e-05
1,1,18400,28304,1.6566,1.6566,0.0,3.456e-05
1,1,18410,28304,1.8722,1.8722,0.0,3.452e-05
1,1,18420,28304,1.8866,1.8866,0.0,3.447e-05
1,1,18430,28304,1.7701,1.7701,0.0,3.443e-05
1,1,18440,28304,1.847,1.847,0.0,3.438e-05
1,1,18450,28304,1.6083,1.6083,0.0,3.434e-05
1,1,18460,28304,1.826,1.826,0.0,3.429e-05
1,1,18470,28304,1.7961,1.7961,0.0,3.425e-05
1,1,18480,28304,1.6825,1.6825,0.0,3.42e-05
1,1,18490,28304,1.8726,1.8726,0.0,3.416e-05
1,1,18500,28304,1.8239,1.8239,0.0,3.412e-05
1,1,18510,28304,1.8742,1.8742,0.0,3.407e-05
1,1,18520,28304,1.8751,1.8751,0.0,3.403e-05
1,1,18530,28304,1.9352,1.9352,0.0,3.398e-05
1,1,18540,28304,1.7282,1.7282,0.0,3.394e-05
1,1,18550,28304,1.9027,1.9027,0.0,3.39e-05
1,1,18560,28304,1.7687,1.7687,0.0,3.385e-05
1,1,18570,28304,1.7571,1.7571,0.0,3.381e-05
1,1,18580,28304,1.7173,1.7173,0.0,3.376e-05
1,1,18590,28304,1.8442,1.8442,0.0,3.372e-05
1,1,18600,28304,1.9105,1.9105,0.0,3.367e-05
1,1,18610,28304,1.9122,1.9122,0.0,3.363e-05
1,1,18620,28304,1.8985,1.8985,0.0,3.359e-05
1,1,18630,28304,1.8687,1.8687,0.0,3.354e-05
1,1,18640,28304,1.7829,1.7829,0.0,3.35e-05
1,1,18650,28304,1.9037,1.9037,0.0,3.346e-05
1,1,18660,28304,1.8294,1.8294,0.0,3.341e-05
1,1,18670,28304,1.8147,1.8147,0.0,3.337e-05
1,1,18680,28304,1.8893,1.8893,0.0,3.332e-05
1,1,18690,28304,1.8671,1.8671,0.0,3.328e-05
1,1,18700,28304,1.7158,1.7158,0.0,3.324e-05
1,1,18710,28304,1.8705,1.8705,0.0,3.319e-05
1,1,18720,28304,1.771,1.771,0.0,3.315e-05
1,1,18730,28304,1.9279,1.9279,0.0,3.311e-05
1,1,18740,28304,1.7473,1.7473,0.0,3.306e-05
1,1,18750,28304,1.9371,1.9371,0.0,3.302e-05
1,1,18760,28304,1.7525,1.7525,0.0,3.297e-05
1,1,18770,28304,1.7726,1.7726,0.0,3.293e-05
1,1,18780,28304,1.9225,1.9225,0.0,3.289e-05
1,1,18790,28304,1.8923,1.8923,0.0,3.284e-05
1,1,18800,28304,1.864,1.864,0.0,3.28e-05
1,1,18810,28304,1.9268,1.9268,0.0,3.276e-05
1,1,18820,28304,1.8414,1.8414,0.0,3.271e-05
1,1,18830,28304,1.9158,1.9158,0.0,3.267e-05
1,1,18840,28304,1.7336,1.7336,0.0,3.263e-05
1,1,18850,28304,1.7826,1.7826,0.0,3.258e-05
1,1,18860,28304,1.8097,1.8097,0.0,3.254e-05
1,1,18870,28304,1.6982,1.6982,0.0,3.25e-05
1,1,18880,28304,1.8585,1.8585,0.0,3.245e-05
1,1,18890,28304,1.7958,1.7958,0.0,3.241e-05
1,1,18900,28304,1.7678,1.7678,0.0,3.237e-05
1,1,18910,28304,1.8382,1.8382,0.0,3.232e-05
1,1,18920,28304,1.8193,1.8193,0.0,3.228e-05
1,1,18930,28304,1.6807,1.6807,0.0,3.224e-05
1,1,18940,28304,1.9307,1.9307,0.0,3.22e-05
1,1,18950,28304,1.7703,1.7703,0.0,3.215e-05
1,1,18960,28304,1.9779,1.9779,0.0,3.211e-05
1,1,18970,28304,1.712,1.712,0.0,3.207e-05
1,1,18980,28304,1.7722,1.7722,0.0,3.202e-05
1,1,18990,28304,1.8757,1.8757,0.0,3.198e-05
1,1,19000,28304,1.7807,1.7807,0.0,3.194e-05
1,1,19010,28304,1.8781,1.8781,0.0,3.189e-05
1,1,19020,28304,1.7985,1.7985,0.0,3.185e-05
1,1,19030,28304,1.8574,1.8574,0.0,3.181e-05
1,1,19040,28304,1.9633,1.9633,0.0,3.177e-05
1,1,19050,28304,1.7385,1.7385,0.0,3.172e-05
1,1,19060,28304,1.8095,1.8095,0.0,3.168e-05
1,1,19070,28304,1.8914,1.8914,0.0,3.164e-05
1,1,19080,28304,1.9884,1.9884,0.0,3.159e-05
1,1,19090,28304,1.8811,1.8811,0.0,3.155e-05
1,1,19100,28304,1.8314,1.8314,0.0,3.151e-05
1,1,19110,28304,1.9163,1.9163,0.0,3.147e-05
1,1,19120,28304,1.8303,1.8303,0.0,3.142e-05
1,1,19130,28304,1.6575,1.6575,0.0,3.138e-05
1,1,19140,28304,1.7433,1.7433,0.0,3.134e-05
1,1,19150,28304,1.7418,1.7418,0.0,3.13e-05
1,1,19160,28304,1.7254,1.7254,0.0,3.125e-05
1,1,19170,28304,1.8553,1.8553,0.0,3.121e-05
1,1,19180,28304,1.7832,1.7832,0.0,3.117e-05
1,1,19190,28304,1.8667,1.8667,0.0,3.113e-05
1,1,19200,28304,1.7179,1.7179,0.0,3.109e-05
1,1,19210,28304,1.9206,1.9206,0.0,3.104e-05
1,1,19220,28304,1.9447,1.9447,0.0,3.1e-05
1,1,19230,28304,1.8553,1.8553,0.0,3.096e-05
1,1,19240,28304,1.7714,1.7714,0.0,3.092e-05
1,1,19250,28304,1.9497,1.9497,0.0,3.087e-05
1,1,19260,28304,1.8244,1.8244,0.0,3.083e-05
1,1,19270,28304,1.7921,1.7921,0.0,3.079e-05
1,1,19280,28304,1.7692,1.7692,0.0,3.075e-05
1,1,19290,28304,1.8863,1.8863,0.0,3.071e-05
1,1,19300,28304,1.8066,1.8066,0.0,3.066e-05
1,1,19310,28304,1.8346,1.8346,0.0,3.062e-05
1,1,19320,28304,1.825,1.825,0.0,3.058e-05
1,1,19330,28304,1.983,1.983,0.0,3.054e-05
1,1,19340,28304,1.9126,1.9126,0.0,3.05e-05
1,1,19350,28304,1.9819,1.9819,0.0,3.045e-05
1,1,19360,28304,1.897,1.897,0.0,3.041e-05
1,1,19370,28304,1.8372,1.8372,0.0,3.037e-05
1,1,19380,28304,1.8823,1.8823,0.0,3.033e-05
1,1,19390,28304,1.7935,1.7935,0.0,3.029e-05
1,1,19400,28304,1.7509,1.7509,0.0,3.024e-05
1,1,19410,28304,1.8913,1.8913,0.0,3.02e-05
1,1,19420,28304,1.7185,1.7185,0.0,3.016e-05
1,1,19430,28304,1.7444,1.7444,0.0,3.012e-05
1,1,19440,28304,1.9229,1.9229,0.0,3.008e-05
1,1,19450,28304,1.9163,1.9163,0.0,3.004e-05
1,1,19460,28304,1.8863,1.8863,0.0,3e-05
1,1,19470,28304,1.9253,1.9253,0.0,2.995e-05
1,1,19480,28304,1.8255,1.8255,0.0,2.991e-05
1,1,19490,28304,1.7462,1.7462,0.0,2.987e-05
1,1,19500,28304,1.8729,1.8729,0.0,2.983e-05
1,1,19510,28304,1.7554,1.7554,0.0,2.979e-05
1,1,19520,28304,1.9265,1.9265,0.0,2.975e-05
1,1,19530,28304,1.9061,1.9061,0.0,2.971e-05
1,1,19540,28304,1.8057,1.8057,0.0,2.966e-05
1,1,19550,28304,1.8224,1.8224,0.0,2.962e-05
1,1,19560,28304,1.7061,1.7061,0.0,2.958e-05
1,1,19570,28304,1.8096,1.8096,0.0,2.954e-05
1,1,19580,28304,1.6766,1.6766,0.0,2.95e-05
1,1,19590,28304,1.7965,1.7965,0.0,2.946e-05
1,1,19600,28304,1.8134,1.8134,0.0,2.942e-05
1,1,19610,28304,1.8123,1.8123,0.0,2.938e-05
1,1,19620,28304,1.8214,1.8214,0.0,2.933e-05
1,1,19630,28304,1.9319,1.9319,0.0,2.929e-05
1,1,19640,28304,1.8198,1.8198,0.0,2.925e-05
1,1,19650,28304,1.6833,1.6833,0.0,2.921e-05
1,1,19660,28304,1.8314,1.8314,0.0,2.917e-05
1,1,19670,28304,1.7821,1.7821,0.0,2.913e-05
1,1,19680,28304,1.8844,1.8844,0.0,2.909e-05
1,1,19690,28304,1.7903,1.7903,0.0,2.905e-05
1,1,19700,28304,1.8987,1.8987,0.0,2.901e-05
1,1,19710,28304,1.8145,1.8145,0.0,2.897e-05
1,1,19720,28304,1.7601,1.7601,0.0,2.893e-05
1,1,19730,28304,1.835,1.835,0.0,2.889e-05
1,1,19740,28304,1.7048,1.7048,0.0,2.884e-05
1,1,19750,28304,1.7651,1.7651,0.0,2.88e-05
1,1,19760,28304,1.8216,1.8216,0.0,2.876e-05
1,1,19770,28304,1.9382,1.9382,0.0,2.872e-05
1,1,19780,28304,1.7002,1.7002,0.0,2.868e-05
1,1,19790,28304,1.7662,1.7662,0.0,2.864e-05
1,1,19800,28304,1.8593,1.8593,0.0,2.86e-05
1,1,19810,28304,1.7598,1.7598,0.0,2.856e-05
1,1,19820,28304,1.7791,1.7791,0.0,2.852e-05
1,1,19830,28304,1.9061,1.9061,0.0,2.848e-05
1,1,19840,28304,1.8942,1.8942,0.0,2.844e-05
1,1,19850,28304,1.8928,1.8928,0.0,2.84e-05
1,1,19860,28304,1.8008,1.8008,0.0,2.836e-05
1,1,19870,28304,1.7322,1.7322,0.0,2.832e-05
1,1,19880,28304,1.7897,1.7897,0.0,2.828e-05
1,1,19890,28304,1.7902,1.7902,0.0,2.824e-05
1,1,19900,28304,1.8786,1.8786,0.0,2.82e-05
1,1,19910,28304,1.7027,1.7027,0.0,2.816e-05
1,1,19920,28304,1.808,1.808,0.0,2.812e-05
1,1,19930,28304,1.7056,1.7056,0.0,2.808e-05
1,1,19940,28304,1.8152,1.8152,0.0,2.804e-05
1,1,19950,28304,1.8744,1.8744,0.0,2.8e-05
1,1,19960,28304,1.81,1.81,0.0,2.796e-05
1,1,19970,28304,1.7872,1.7872,0.0,2.792e-05
1,1,19980,28304,1.9969,1.9969,0.0,2.788e-05
1,1,19990,28304,1.6481,1.6481,0.0,2.784e-05
1,1,20000,28304,1.7864,1.7864,0.0,2.78e-05
1,1,20010,28304,1.8655,1.8655,0.0,2.776e-05
1,1,20020,28304,1.8445,1.8445,0.0,2.772e-05
1,1,20030,28304,1.8816,1.8816,0.0,2.768e-05
1,1,20040,28304,1.7655,1.7655,0.0,2.764e-05
1,1,20050,28304,1.8493,1.8493,0.0,2.76e-05
1,1,20060,28304,1.8002,1.8002,0.0,2.756e-05
1,1,20070,28304,1.7856,1.7856,0.0,2.752e-05
1,1,20080,28304,1.7958,1.7958,0.0,2.748e-05
1,1,20090,28304,1.878,1.878,0.0,2.744e-05
1,1,20100,28304,1.8444,1.8444,0.0,2.74e-05
1,1,20110,28304,1.8874,1.8874,0.0,2.736e-05
1,1,20120,28304,1.7168,1.7168,0.0,2.732e-05
1,1,20130,28304,1.8252,1.8252,0.0,2.728e-05
1,1,20140,28304,1.8082,1.8082,0.0,2.725e-05
1,1,20150,28304,1.7301,1.7301,0.0,2.721e-05
1,1,20160,28304,1.7541,1.7541,0.0,2.717e-05
1,1,20170,28304,1.6655,1.6655,0.0,2.713e-05
1,1,20180,28304,1.8625,1.8625,0.0,2.709e-05
1,1,20190,28304,1.822,1.822,0.0,2.705e-05
1,1,20200,28304,1.7689,1.7689,0.0,2.701e-05
1,1,20210,28304,1.8669,1.8669,0.0,2.697e-05
1,1,20220,28304,1.7809,1.7809,0.0,2.693e-05
1,1,20230,28304,1.9723,1.9723,0.0,2.689e-05
1,1,20240,28304,1.9144,1.9144,0.0,2.685e-05
1,1,20250,28304,1.8715,1.8715,0.0,2.681e-05
1,1,20260,28304,1.8141,1.8141,0.0,2.678e-05
1,1,20270,28304,1.7329,1.7329,0.0,2.674e-05
1,1,20280,28304,1.6855,1.6855,0.0,2.67e-05
1,1,20290,28304,1.8217,1.8217,0.0,2.666e-05
1,1,20300,28304,1.8999,1.8999,0.0,2.662e-05
1,1,20310,28304,1.8289,1.8289,0.0,2.658e-05
1,1,20320,28304,1.8536,1.8536,0.0,2.654e-05
1,1,20330,28304,1.8922,1.8922,0.0,2.65e-05
1,1,20340,28304,1.8743,1.8743,0.0,2.647e-05
1,1,20350,28304,1.7758,1.7758,0.0,2.643e-05
1,1,20360,28304,1.816,1.816,0.0,2.639e-05
1,1,20370,28304,1.7112,1.7112,0.0,2.635e-05
1,1,20380,28304,1.7595,1.7595,0.0,2.631e-05
1,1,20390,28304,1.8489,1.8489,0.0,2.627e-05
1,1,20400,28304,1.8953,1.8953,0.0,2.623e-05
1,1,20410,28304,1.8427,1.8427,0.0,2.62e-05
1,1,20420,28304,1.7445,1.7445,0.0,2.616e-05
1,1,20430,28304,1.687,1.687,0.0,2.612e-05
1,1,20440,28304,1.7094,1.7094,0.0,2.608e-05
1,1,20450,28304,1.908,1.908,0.0,2.604e-05
1,1,20460,28304,1.7574,1.7574,0.0,2.6e-05
1,1,20470,28304,1.8257,1.8257,0.0,2.597e-05
1,1,20480,28304,1.7387,1.7387,0.0,2.593e-05
1,1,20490,28304,1.7325,1.7325,0.0,2.589e-05
1,1,20500,28304,1.679,1.679,0.0,2.585e-05
1,1,20510,28304,1.9526,1.9526,0.0,2.581e-05
1,1,20520,28304,1.7376,1.7376,0.0,2.578e-05
1,1,20530,28304,1.7497,1.7497,0.0,2.574e-05
1,1,20540,28304,1.7678,1.7678,0.0,2.57e-05
1,1,20550,28304,1.6953,1.6953,0.0,2.566e-05
1,1,20560,28304,1.75,1.75,0.0,2.562e-05
1,1,20570,28304,1.7393,1.7393,0.0,2.559e-05
1,1,20580,28304,1.7573,1.7573,0.0,2.555e-05
1,1,20590,28304,1.8572,1.8572,0.0,2.551e-05
1,1,20600,28304,1.797,1.797,0.0,2.547e-05
1,1,20610,28304,1.9428,1.9428,0.0,2.544e-05
1,1,20620,28304,1.757,1.757,0.0,2.54e-05
1,1,20630,28304,1.7013,1.7013,0.0,2.536e-05
1,1,20640,28304,1.8795,1.8795,0.0,2.532e-05
1,1,20650,28304,1.8963,1.8963,0.0,2.529e-05
1,1,20660,28304,1.91,1.91,0.0,2.525e-05
1,1,20670,28304,1.6911,1.6911,0.0,2.521e-05
1,1,20680,28304,1.7333,1.7333,0.0,2.517e-05
1,1,20690,28304,1.8458,1.8458,0.0,2.514e-05
1,1,20700,28304,1.6617,1.6617,0.0,2.51e-05
1,1,20710,28304,1.9162,1.9162,0.0,2.506e-05
1,1,20720,28304,1.879,1.879,0.0,2.502e-05
1,1,20730,28304,1.8029,1.8029,0.0,2.499e-05
1,1,20740,28304,1.8991,1.8991,0.0,2.495e-05
1,1,20750,28304,1.8747,1.8747,0.0,2.491e-05
1,1,20760,28304,1.8633,1.8633,0.0,2.488e-05
1,1,20770,28304,1.6828,1.6828,0.0,2.484e-05
1,1,20780,28304,1.8869,1.8869,0.0,2.48e-05
1,1,20790,28304,1.8863,1.8863,0.0,2.476e-05
1,1,20800,28304,1.8486,1.8486,0.0,2.473e-05
1,1,20810,28304,1.8007,1.8007,0.0,2.469e-05
1,1,20820,28304,1.8063,1.8063,0.0,2.465e-05
1,1,20830,28304,1.6883,1.6883,0.0,2.462e-05
1,1,20840,28304,1.7313,1.7313,0.0,2.458e-05
1,1,20850,28304,1.7001,1.7001,0.0,2.454e-05
1,1,20860,28304,1.8411,1.8411,0.0,2.451e-05
1,1,20870,28304,1.7816,1.7816,0.0,2.447e-05
1,1,20880,28304,1.8254,1.8254,0.0,2.443e-05
1,1,20890,28304,1.6723,1.6723,0.0,2.44e-05
1,1,20900,28304,1.8551,1.8551,0.0,2.436e-05
1,1,20910,28304,1.7882,1.7882,0.0,2.432e-05
1,1,20920,28304,1.6954,1.6954,0.0,2.429e-05
1,1,20930,28304,1.8177,1.8177,0.0,2.425e-05
1,1,20940,28304,1.7959,1.7959,0.0,2.421e-05
1,1,20950,28304,1.8012,1.8012,0.0,2.418e-05
1,1,20960,28304,1.7596,1.7596,0.0,2.414e-05
1,1,20970,28304,1.7385,1.7385,0.0,2.41e-05
1,1,20980,28304,1.6914,1.6914,0.0,2.407e-05
1,1,20990,28304,1.8455,1.8455,0.0,2.403e-05
1,1,21000,28304,1.8281,1.8281,0.0,2.4e-05
1,1,21010,28304,1.8834,1.8834,0.0,2.396e-05
1,1,21020,28304,1.7263,1.7263,0.0,2.392e-05
1,1,21030,28304,1.6773,1.6773,0.0,2.389e-05
1,1,21040,28304,1.7463,1.7463,0.0,2.385e-05
1,1,21050,28304,1.7775,1.7775,0.0,2.382e-05
1,1,21060,28304,1.8391,1.8391,0.0,2.378e-05
1,1,21070,28304,1.8107,1.8107,0.0,2.374e-05
1,1,21080,28304,1.8026,1.8026,0.0,2.371e-05
1,1,21090,28304,1.6837,1.6837,0.0,2.367e-05
1,1,21100,28304,1.9004,1.9004,0.0,2.364e-05
1,1,21110,28304,1.9126,1.9126,0.0,2.36e-05
1,1,21120,28304,1.7494,1.7494,0.0,2.356e-05
1,1,21130,28304,1.8602,1.8602,0.0,2.353e-05
1,1,21140,28304,1.8153,1.8153,0.0,2.349e-05
1,1,21150,28304,1.9251,1.9251,0.0,2.346e-05
1,1,21160,28304,1.7818,1.7818,0.0,2.342e-05
1,1,21170,28304,1.8467,1.8467,0.0,2.339e-05
1,1,21180,28304,1.7299,1.7299,0.0,2.335e-05
1,1,21190,28304,1.7957,1.7957,0.0,2.331e-05
1,1,21200,28304,1.7683,1.7683,0.0,2.328e-05
1,1,21210,28304,1.7751,1.7751,0.0,2.324e-05
1,1,21220,28304,1.9501,1.9501,0.0,2.321e-05
1,1,21230,28304,1.7831,1.7831,0.0,2.317e-05
1,1,21240,28304,1.8823,1.8823,0.0,2.314e-05
1,1,21250,28304,1.8871,1.8871,0.0,2.31e-05
1,1,21260,28304,1.7874,1.7874,0.0,2.307e-05
1,1,21270,28304,1.8675,1.8675,0.0,2.303e-05
1,1,21280,28304,1.7881,1.7881,0.0,2.3e-05
1,1,21290,28304,1.8053,1.8053,0.0,2.296e-05
1,1,21300,28304,1.9206,1.9206,0.0,2.293e-05
1,1,21310,28304,1.8488,1.8488,0.0,2.289e-05
1,1,21320,28304,1.7917,1.7917,0.0,2.286e-05
1,1,21330,28304,1.7919,1.7919,0.0,2.282e-05
1,1,21340,28304,1.7603,1.7603,0.0,2.279e-05
1,1,21350,28304,1.7728,1.7728,0.0,2.275e-05
1,1,21360,28304,1.832,1.832,0.0,2.272e-05
1,1,21370,28304,1.8352,1.8352,0.0,2.268e-05
1,1,21380,28304,1.686,1.686,0.0,2.265e-05
1,1,21390,28304,1.9501,1.9501,0.0,2.261e-05
1,1,21400,28304,1.8341,1.8341,0.0,2.258e-05
1,1,21410,28304,1.796,1.796,0.0,2.254e-05
1,1,21420,28304,1.6547,1.6547,0.0,2.251e-05
1,1,21430,28304,1.8439,1.8439,0.0,2.247e-05
1,1,21440,28304,1.7953,1.7953,0.0,2.244e-05
1,1,21450,28304,1.8919,1.8919,0.0,2.241e-05
1,1,21460,28304,1.8276,1.8276,0.0,2.237e-05
1,1,21470,28304,1.7672,1.7672,0.0,2.234e-05
1,1,21480,28304,1.878,1.878,0.0,2.23e-05
1,1,21490,28304,1.6861,1.6861,0.0,2.227e-05
1,1,21500,28304,1.7808,1.7808,0.0,2.223e-05
1,1,21510,28304,1.8004,1.8004,0.0,2.22e-05
1,1,21520,28304,1.8206,1.8206,0.0,2.217e-05
1,1,21530,28304,1.7826,1.7826,0.0,2.213e-05
1,1,21540,28304,1.7164,1.7164,0.0,2.21e-05
1,1,21550,28304,1.7396,1.7396,0.0,2.206e-05
1,1,21560,28304,1.7614,1.7614,0.0,2.203e-05
1,1,21570,28304,1.9514,1.9514,0.0,2.2e-05
1,1,21580,28304,1.8256,1.8256,0.0,2.196e-05
1,1,21590,28304,1.6904,1.6904,0.0,2.193e-05
1,1,21600,28304,1.9919,1.9919,0.0,2.189e-05
1,1,21610,28304,1.8067,1.8067,0.0,2.186e-05
1,1,21620,28304,1.827,1.827,0.0,2.183e-05
1,1,21630,28304,1.8353,1.8353,0.0,2.179e-05
1,1,21640,28304,1.7624,1.7624,0.0,2.176e-05
1,1,21650,28304,1.8747,1.8747,0.0,2.173e-05
1,1,21660,28304,1.8638,1.8638,0.0,2.169e-05
1,1,21670,28304,1.7216,1.7216,0.0,2.166e-05
1,1,21680,28304,1.7042,1.7042,0.0,2.162e-05
1,1,21690,28304,1.7498,1.7498,0.0,2.159e-05
1,1,21700,28304,1.8434,1.8434,0.0,2.156e-05
1,1,21710,28304,1.888,1.888,0.0,2.152e-05
1,1,21720,28304,1.9023,1.9023,0.0,2.149e-05
1,1,21730,28304,1.737,1.737,0.0,2.146e-05
1,1,21740,28304,1.9093,1.9093,0.0,2.142e-05
1,1,21750,28304,1.7787,1.7787,0.0,2.139e-05
1,1,21760,28304,1.8034,1.8034,0.0,2.136e-05
1,1,21770,28304,1.6832,1.6832,0.0,2.132e-05
1,1,21780,28304,1.6743,1.6743,0.0,2.129e-05
1,1,21790,28304,1.8323,1.8323,0.0,2.126e-05
1,1,21800,28304,1.8418,1.8418,0.0,2.123e-05
1,1,21810,28304,1.7052,1.7052,0.0,2.119e-05
1,1,21820,28304,1.8052,1.8052,0.0,2.116e-05
1,1,21830,28304,1.7354,1.7354,0.0,2.113e-05
1,1,21840,28304,1.7407,1.7407,0.0,2.109e-05
1,1,21850,28304,1.7832,1.7832,0.0,2.106e-05
1,1,21860,28304,1.8579,1.8579,0.0,2.103e-05
1,1,21870,28304,1.7931,1.7931,0.0,2.1e-05
1,1,21880,28304,1.82,1.82,0.0,2.096e-05
1,1,21890,28304,1.8574,1.8574,0.0,2.093e-05
1,1,21900,28304,1.8616,1.8616,0.0,2.09e-05
1,1,21910,28304,1.9124,1.9124,0.0,2.086e-05
1,1,21920,28304,1.8484,1.8484,0.0,2.083e-05
1,1,21930,28304,1.862,1.862,0.0,2.08e-05
1,1,21940,28304,1.8111,1.8111,0.0,2.077e-05
1,1,21950,28304,1.7451,1.7451,0.0,2.074e-05
1,1,21960,28304,1.7365,1.7365,0.0,2.07e-05
1,1,21970,28304,1.8313,1.8313,0.0,2.067e-05
1,1,21980,28304,1.7843,1.7843,0.0,2.064e-05
1,1,21990,28304,1.8894,1.8894,0.0,2.061e-05
1,1,22000,28304,1.8815,1.8815,0.0,2.057e-05
1,1,22010,28304,1.9667,1.9667,0.0,2.054e-05
1,1,22020,28304,1.8767,1.8767,0.0,2.051e-05
1,1,22030,28304,1.7526,1.7526,0.0,2.048e-05
1,1,22040,28304,1.7896,1.7896,0.0,2.045e-05
1,1,22050,28304,1.7434,1.7434,0.0,2.041e-05
1,1,22060,28304,1.7892,1.7892,0.0,2.038e-05
1,1,22070,28304,1.934,1.934,0.0,2.035e-05
1,1,22080,28304,1.8833,1.8833,0.0,2.032e-05
1,1,22090,28304,1.9039,1.9039,0.0,2.029e-05
1,1,22100,28304,1.7825,1.7825,0.0,2.025e-05
1,1,22110,28304,1.7167,1.7167,0.0,2.022e-05
1,1,22120,28304,1.7844,1.7844,0.0,2.019e-05
1,1,22130,28304,1.8224,1.8224,0.0,2.016e-05
1,1,22140,28304,1.7734,1.7734,0.0,2.013e-05
1,1,22150,28304,1.8119,1.8119,0.0,2.01e-05
1,1,22160,28304,1.7926,1.7926,0.0,2.006e-05
1,1,22170,28304,1.7777,1.7777,0.0,2.003e-05
1,1,22180,28304,1.7856,1.7856,0.0,2e-05
1,1,22190,28304,1.7827,1.7827,0.0,1.997e-05
1,1,22200,28304,1.8277,1.8277,0.0,1.994e-05
1,1,22210,28304,1.7494,1.7494,0.0,1.991e-05
1,1,22220,28304,1.8243,1.8243,0.0,1.988e-05
1,1,22230,28304,1.9442,1.9442,0.0,1.985e-05
1,1,22240,28304,1.7751,1.7751,0.0,1.981e-05
1,1,22250,28304,1.7844,1.7844,0.0,1.978e-05
1,1,22260,28304,1.7344,1.7344,0.0,1.975e-05
1,1,22270,28304,1.5821,1.5821,0.0,1.972e-05
1,1,22280,28304,1.6968,1.6968,0.0,1.969e-05
1,1,22290,28304,1.8556,1.8556,0.0,1.966e-05
1,1,22300,28304,1.9277,1.9277,0.0,1.963e-05
1,1,22310,28304,1.7683,1.7683,0.0,1.96e-05
1,1,22320,28304,1.852,1.852,0.0,1.957e-05
1,1,22330,28304,1.772,1.772,0.0,1.954e-05
1,1,22340,28304,1.8908,1.8908,0.0,1.95e-05
1,1,22350,28304,1.8518,1.8518,0.0,1.947e-05
1,1,22360,28304,1.856,1.856,0.0,1.944e-05
1,1,22370,28304,1.9846,1.9846,0.0,1.941e-05
1,1,22380,28304,1.9047,1.9047,0.0,1.938e-05
1,1,22390,28304,1.8306,1.8306,0.0,1.935e-05
1,1,22400,28304,1.704,1.704,0.0,1.932e-05
1,1,22410,28304,1.7685,1.7685,0.0,1.929e-05
1,1,22420,28304,1.6936,1.6936,0.0,1.926e-05
1,1,22430,28304,1.8961,1.8961,0.0,1.923e-05
1,1,22440,28304,1.8381,1.8381,0.0,1.92e-05
1,1,22450,28304,1.7913,1.7913,0.0,1.917e-05
1,1,22460,28304,1.7777,1.7777,0.0,1.914e-05
1,1,22470,28304,1.8061,1.8061,0.0,1.911e-05
1,1,22480,28304,1.8194,1.8194,0.0,1.908e-05
1,1,22490,28304,1.9257,1.9257,0.0,1.905e-05
1,1,22500,28304,1.7268,1.7268,0.0,1.902e-05
1,1,22510,28304,1.9669,1.9669,0.0,1.899e-05
1,1,22520,28304,1.8665,1.8665,0.0,1.896e-05
1,1,22530,28304,1.8583,1.8583,0.0,1.893e-05
1,1,22540,28304,1.8083,1.8083,0.0,1.89e-05
1,1,22550,28304,1.7867,1.7867,0.0,1.887e-05
1,1,22560,28304,1.8259,1.8259,0.0,1.884e-05
1,1,22570,28304,1.9291,1.9291,0.0,1.881e-05
1,1,22580,28304,1.8325,1.8325,0.0,1.878e-05
1,1,22590,28304,1.8695,1.8695,0.0,1.875e-05
1,1,22600,28304,1.9236,1.9236,0.0,1.872e-05
1,1,22610,28304,1.8151,1.8151,0.0,1.869e-05
1,1,22620,28304,1.8834,1.8834,0.0,1.866e-05
1,1,22630,28304,1.8277,1.8277,0.0,1.863e-05
1,1,22640,28304,1.8044,1.8044,0.0,1.86e-05
1,1,22650,28304,1.649,1.649,0.0,1.857e-05
1,1,22660,28304,1.8847,1.8847,0.0,1.854e-05
1,1,22670,28304,1.9162,1.9162,0.0,1.852e-05
1,1,22680,28304,1.8088,1.8088,0.0,1.849e-05
1,1,22690,28304,1.837,1.837,0.0,1.846e-05
1,1,22700,28304,1.8809,1.8809,0.0,1.843e-05
1,1,22710,28304,1.8312,1.8312,0.0,1.84e-05
1,1,22720,28304,1.8024,1.8024,0.0,1.837e-05
1,1,22730,28304,1.7926,1.7926,0.0,1.834e-05
1,1,22740,28304,1.7988,1.7988,0.0,1.831e-05
1,1,22750,28304,1.8013,1.8013,0.0,1.828e-05
1,1,22760,28304,1.8164,1.8164,0.0,1.825e-05
1,1,22770,28304,1.7907,1.7907,0.0,1.823e-05
1,1,22780,28304,1.8158,1.8158,0.0,1.82e-05
1,1,22790,28304,1.8912,1.8912,0.0,1.817e-05
1,1,22800,28304,1.8263,1.8263,0.0,1.814e-05
1,1,22810,28304,1.8049,1.8049,0.0,1.811e-05
1,1,22820,28304,1.9099,1.9099,0.0,1.808e-05
1,1,22830,28304,1.9136,1.9136,0.0,1.805e-05
1,1,22840,28304,1.9372,1.9372,0.0,1.803e-05
1,1,22850,28304,1.8815,1.8815,0.0,1.8e-05
1,1,22860,28304,1.9278,1.9278,0.0,1.797e-05
1,1,22870,28304,1.7533,1.7533,0.0,1.794e-05
1,1,22880,28304,1.7646,1.7646,0.0,1.791e-05
1,1,22890,28304,1.7206,1.7206,0.0,1.788e-05
1,1,22900,28304,1.8045,1.8045,0.0,1.786e-05
1,1,22910,28304,1.6933,1.6933,0.0,1.783e-05
1,1,22920,28304,1.6729,1.6729,0.0,1.78e-05
1,1,22930,28304,1.9076,1.9076,0.0,1.777e-05
1,1,22940,28304,1.7445,1.7445,0.0,1.774e-05
1,1,22950,28304,1.831,1.831,0.0,1.771e-05
1,1,22960,28304,1.961,1.961,0.0,1.769e-05
1,1,22970,28304,1.7409,1.7409,0.0,1.766e-05
1,1,22980,28304,1.8646,1.8646,0.0,1.763e-05
1,1,22990,28304,1.8262,1.8262,0.0,1.76e-05
1,1,23000,28304,1.9033,1.9033,0.0,1.758e-05
1,1,23010,28304,1.8661,1.8661,0.0,1.755e-05
1,1,23020,28304,1.6948,1.6948,0.0,1.752e-05
1,1,23030,28304,1.7425,1.7425,0.0,1.749e-05
1,1,23040,28304,1.7969,1.7969,0.0,1.746e-05
1,1,23050,28304,1.7892,1.7892,0.0,1.744e-05
1,1,23060,28304,1.7663,1.7663,0.0,1.741e-05
1,1,23070,28304,1.7685,1.7685,0.0,1.738e-05
1,1,23080,28304,1.7862,1.7862,0.0,1.736e-05
1,1,23090,28304,1.884,1.884,0.0,1.733e-05
1,1,23100,28304,1.7726,1.7726,0.0,1.73e-05
1,1,23110,28304,1.7792,1.7792,0.0,1.727e-05
1,1,23120,28304,1.9345,1.9345,0.0,1.725e-05
1,1,23130,28304,1.8106,1.8106,0.0,1.722e-05
1,1,23140,28304,1.8486,1.8486,0.0,1.719e-05
1,1,23150,28304,1.7795,1.7795,0.0,1.716e-05
1,1,23160,28304,1.7249,1.7249,0.0,1.714e-05
1,1,23170,28304,1.8436,1.8436,0.0,1.711e-05
1,1,23180,28304,1.9345,1.9345,0.0,1.708e-05
1,1,23190,28304,1.8666,1.8666,0.0,1.706e-05
1,1,23200,28304,1.7726,1.7726,0.0,1.703e-05
1,1,23210,28304,1.775,1.775,0.0,1.7e-05
1,1,23220,28304,1.7914,1.7914,0.0,1.698e-05
1,1,23230,28304,1.9639,1.9639,0.0,1.695e-05
1,1,23240,28304,1.8699,1.8699,0.0,1.692e-05
1,1,23250,28304,1.6862,1.6862,0.0,1.69e-05
1,1,23260,28304,1.7183,1.7183,0.0,1.687e-05
1,1,23270,28304,1.7977,1.7977,0.0,1.684e-05
1,1,23280,28304,1.6814,1.6814,0.0,1.682e-05
1,1,23290,28304,1.8516,1.8516,0.0,1.679e-05
1,1,23300,28304,1.768,1.768,0.0,1.676e-05
1,1,23310,28304,1.6886,1.6886,0.0,1.674e-05
1,1,23320,28304,1.7139,1.7139,0.0,1.671e-05
1,1,23330,28304,1.7992,1.7992,0.0,1.669e-05
1,1,23340,28304,1.9004,1.9004,0.0,1.666e-05
1,1,23350,28304,1.7345,1.7345,0.0,1.663e-05
1,1,23360,28304,1.7512,1.7512,0.0,1.661e-05
1,1,23370,28304,1.7635,1.7635,0.0,1.658e-05
1,1,23380,28304,1.7707,1.7707,0.0,1.656e-05
1,1,23390,28304,1.8984,1.8984,0.0,1.653e-05
1,1,23400,28304,1.8119,1.8119,0.0,1.65e-05
1,1,23410,28304,1.8492,1.8492,0.0,1.648e-05
1,1,23420,28304,1.8934,1.8934,0.0,1.645e-05
1,1,23430,28304,1.7775,1.7775,0.0,1.643e-05
1,1,23440,28304,1.7548,1.7548,0.0,1.64e-05
1,1,23450,28304,1.8202,1.8202,0.0,1.637e-05
1,1,23460,28304,1.7388,1.7388,0.0,1.635e-05
1,1,23470,28304,1.8092,1.8092,0.0,1.632e-05
1,1,23480,28304,1.7671,1.7671,0.0,1.63e-05
1,1,23490,28304,1.8153,1.8153,0.0,1.627e-05
1,1,23500,28304,1.8269,1.8269,0.0,1.625e-05
1,1,23510,28304,1.8708,1.8708,0.0,1.622e-05
1,1,23520,28304,1.8592,1.8592,0.0,1.62e-05
1,1,23530,28304,1.7884,1.7884,0.0,1.617e-05
1,1,23540,28304,1.7498,1.7498,0.0,1.615e-05
1,1,23550,28304,1.8844,1.8844,0.0,1.612e-05
1,1,23560,28304,1.9341,1.9341,0.0,1.61e-05
1,1,23570,28304,1.7502,1.7502,0.0,1.607e-05
1,1,23580,28304,1.9675,1.9675,0.0,1.605e-05
1,1,23590,28304,1.7672,1.7672,0.0,1.602e-05
1,1,23600,28304,1.8384,1.8384,0.0,1.6e-05
1,1,23610,28304,1.7496,1.7496,0.0,1.597e-05
1,1,23620,28304,1.7718,1.7718,0.0,1.595e-05
1,1,23630,28304,1.7381,1.7381,0.0,1.592e-05
1,1,23640,28304,1.8651,1.8651,0.0,1.59e-05
1,1,23650,28304,1.7956,1.7956,0.0,1.587e-05
1,1,23660,28304,1.814,1.814,0.0,1.585e-05
1,1,23670,28304,1.6641,1.6641,0.0,1.582e-05
1,1,23680,28304,1.7527,1.7527,0.0,1.58e-05
1,1,23690,28304,1.8432,1.8432,0.0,1.577e-05
1,1,23700,28304,1.9127,1.9127,0.0,1.575e-05
1,1,23710,28304,1.8884,1.8884,0.0,1.572e-05
1,1,23720,28304,1.8798,1.8798,0.0,1.57e-05
1,1,23730,28304,1.8269,1.8269,0.0,1.568e-05
1,1,23740,28304,1.8114,1.8114,0.0,1.565e-05
1,1,23750,28304,1.8389,1.8389,0.0,1.563e-05
1,1,23760,28304,1.7178,1.7178,0.0,1.56e-05
1,1,23770,28304,1.7745,1.7745,0.0,1.558e-05
1,1,23780,28304,1.7883,1.7883,0.0,1.556e-05
1,1,23790,28304,1.794,1.794,0.0,1.553e-05
1,1,23800,28304,1.7699,1.7699,0.0,1.551e-05
1,1,23810,28304,1.8096,1.8096,0.0,1.548e-05
1,1,23820,28304,1.6955,1.6955,0.0,1.546e-05
1,1,23830,28304,1.8182,1.8182,0.0,1.544e-05
1,1,23840,28304,1.5533,1.5533,0.0,1.541e-05
1,1,23850,28304,1.8391,1.8391,0.0,1.539e-05
1,1,23860,28304,1.8911,1.8911,0.0,1.536e-05
1,1,23870,28304,1.923,1.923,0.0,1.534e-05
1,1,23880,28304,1.8774,1.8774,0.0,1.532e-05
1,1,23890,28304,1.7765,1.7765,0.0,1.529e-05
1,1,23900,28304,1.8229,1.8229,0.0,1.527e-05
1,1,23910,28304,1.6822,1.6822,0.0,1.525e-05
1,1,23920,28304,1.7592,1.7592,0.0,1.522e-05
1,1,23930,28304,1.7627,1.7627,0.0,1.52e-05
1,1,23940,28304,1.9633,1.9633,0.0,1.518e-05
1,1,23950,28304,1.6559,1.6559,0.0,1.515e-05
1,1,23960,28304,1.8419,1.8419,0.0,1.513e-05
1,1,23970,28304,1.8052,1.8052,0.0,1.511e-05
1,1,23980,28304,1.8846,1.8846,0.0,1.508e-05
1,1,23990,28304,1.6582,1.6582,0.0,1.506e-05
1,1,24000,28304,1.8367,1.8367,0.0,1.504e-05
1,1,24010,28304,1.7151,1.7151,0.0,1.502e-05
1,1,24020,28304,1.8774,1.8774,0.0,1.499e-05
1,1,24030,28304,1.6555,1.6555,0.0,1.497e-05
1,1,24040,28304,1.8826,1.8826,0.0,1.495e-05
1,1,24050,28304,1.6929,1.6929,0.0,1.492e-05
1,1,24060,28304,1.6492,1.6492,0.0,1.49e-05
1,1,24070,28304,1.8694,1.8694,0.0,1.488e-05
1,1,24080,28304,1.925,1.925,0.0,1.486e-05
1,1,24090,28304,1.769,1.769,0.0,1.483e-05
1,1,24100,28304,1.7936,1.7936,0.0,1.481e-05
1,1,24110,28304,1.859,1.859,0.0,1.479e-05
1,1,24120,28304,1.7807,1.7807,0.0,1.477e-05
1,1,24130,28304,1.8225,1.8225,0.0,1.474e-05
1,1,24140,28304,1.8093,1.8093,0.0,1.472e-05
1,1,24150,28304,1.8067,1.8067,0.0,1.47e-05
1,1,24160,28304,1.8002,1.8002,0.0,1.468e-05
1,1,24170,28304,1.7833,1.7833,0.0,1.465e-05
1,1,24180,28304,1.9477,1.9477,0.0,1.463e-05
1,1,24190,28304,1.7441,1.7441,0.0,1.461e-05
1,1,24200,28304,1.8253,1.8253,0.0,1.459e-05
1,1,24210,28304,1.7485,1.7485,0.0,1.457e-05
1,1,24220,28304,1.749,1.749,0.0,1.454e-05
1,1,24230,28304,1.8787,1.8787,0.0,1.452e-05
1,1,24240,28304,1.6849,1.6849,0.0,1.45e-05
1,1,24250,28304,1.662,1.662,0.0,1.448e-05
1,1,24260,28304,1.6148,1.6148,0.0,1.446e-05
1,1,24270,28304,1.7722,1.7722,0.0,1.444e-05
1,1,24280,28304,1.8534,1.8534,0.0,1.441e-05
1,1,24290,28304,1.7297,1.7297,0.0,1.439e-05
1,1,24300,28304,1.7927,1.7927,0.0,1.437e-05
1,1,24310,28304,1.976,1.976,0.0,1.435e-05
1,1,24320,28304,1.8224,1.8224,0.0,1.433e-05
1,1,24330,28304,1.8634,1.8634,0.0,1.431e-05
1,1,24340,28304,1.8304,1.8304,0.0,1.429e-05
1,1,24350,28304,1.6684,1.6684,0.0,1.426e-05
1,1,24360,28304,1.742,1.742,0.0,1.424e-05
1,1,24370,28304,1.7635,1.7635,0.0,1.422e-05
1,1,24380,28304,1.8191,1.8191,0.0,1.42e-05
1,1,24390,28304,1.6817,1.6817,0.0,1.418e-05
1,1,24400,28304,1.7911,1.7911,0.0,1.416e-05
1,1,24410,28304,1.8054,1.8054,0.0,1.414e-05
1,1,24420,28304,1.9263,1.9263,0.0,1.412e-05
1,1,24430,28304,1.8469,1.8469,0.0,1.41e-05
1,1,24440,28304,1.8132,1.8132,0.0,1.408e-05
1,1,24450,28304,1.7922,1.7922,0.0,1.405e-05
1,1,24460,28304,1.9081,1.9081,0.0,1.403e-05
1,1,24470,28304,1.7895,1.7895,0.0,1.401e-05
1,1,24480,28304,1.72,1.72,0.0,1.399e-05
1,1,24490,28304,1.8973,1.8973,0.0,1.397e-05
1,1,24500,28304,1.7976,1.7976,0.0,1.395e-05
1,1,24510,28304,1.7042,1.7042,0.0,1.393e-05
1,1,24520,28304,1.7206,1.7206,0.0,1.391e-05
1,1,24530,28304,1.7705,1.7705,0.0,1.389e-05
1,1,24540,28304,1.9104,1.9104,0.0,1.387e-05
1,1,24550,28304,1.9306,1.9306,0.0,1.385e-05
1,1,24560,28304,1.8169,1.8169,0.0,1.383e-05
1,1,24570,28304,1.9305,1.9305,0.0,1.381e-05
1,1,24580,28304,1.8982,1.8982,0.0,1.379e-05
1,1,24590,28304,1.7399,1.7399,0.0,1.377e-05
1,1,24600,28304,1.8614,1.8614,0.0,1.375e-05
1,1,24610,28304,1.7882,1.7882,0.0,1.373e-05
1,1,24620,28304,1.6687,1.6687,0.0,1.371e-05
1,1,24630,28304,1.6615,1.6615,0.0,1.369e-05
1,1,24640,28304,1.8834,1.8834,0.0,1.367e-05
1,1,24650,28304,1.8996,1.8996,0.0,1.365e-05
1,1,24660,28304,1.9369,1.9369,0.0,1.363e-05
1,1,24670,28304,1.8467,1.8467,0.0,1.361e-05
1,1,24680,28304,1.8881,1.8881,0.0,1.359e-05
1,1,24690,28304,1.8857,1.8857,0.0,1.357e-05
1,1,24700,28304,1.8486,1.8486,0.0,1.355e-05
1,1,24710,28304,1.8691,1.8691,0.0,1.353e-05
1,1,24720,28304,1.7168,1.7168,0.0,1.351e-05
1,1,24730,28304,1.7725,1.7725,0.0,1.349e-05
1,1,24740,28304,1.8605,1.8605,0.0,1.348e-05
1,1,24750,28304,1.9251,1.9251,0.0,1.346e-05
1,1,24760,28304,1.8172,1.8172,0.0,1.344e-05
1,1,24770,28304,1.8499,1.8499,0.0,1.342e-05
1,1,24780,28304,1.8578,1.8578,0.0,1.34e-05
1,1,24790,28304,1.8366,1.8366,0.0,1.338e-05
1,1,24800,28304,1.8643,1.8643,0.0,1.336e-05
1,1,24810,28304,1.9414,1.9414,0.0,1.334e-05
1,1,24820,28304,1.9228,1.9228,0.0,1.332e-05
1,1,24830,28304,1.7236,1.7236,0.0,1.33e-05
1,1,24840,28304,1.8456,1.8456,0.0,1.329e-05
1,1,24850,28304,1.8028,1.8028,0.0,1.327e-05
1,1,24860,28304,1.7202,1.7202,0.0,1.325e-05
1,1,24870,28304,1.798,1.798,0.0,1.323e-05
1,1,24880,28304,1.8439,1.8439,0.0,1.321e-05
1,1,24890,28304,1.8823,1.8823,0.0,1.319e-05
1,1,24900,28304,1.8249,1.8249,0.0,1.317e-05
1,1,24910,28304,1.9462,1.9462,0.0,1.316e-05
1,1,24920,28304,1.7506,1.7506,0.0,1.314e-05
1,1,24930,28304,2.0008,2.0008,0.0,1.312e-05
1,1,24940,28304,1.8443,1.8443,0.0,1.31e-05
1,1,24950,28304,1.7698,1.7698,0.0,1.308e-05
1,1,24960,28304,1.7384,1.7384,0.0,1.306e-05
1,1,24970,28304,1.8982,1.8982,0.0,1.305e-05
1,1,24980,28304,1.5412,1.5412,0.0,1.303e-05
1,1,24990,28304,1.8059,1.8059,0.0,1.301e-05
1,1,25000,28304,1.7457,1.7457,0.0,1.299e-05
1,1,25010,28304,1.8371,1.8371,0.0,1.297e-05
1,1,25020,28304,1.8842,1.8842,0.0,1.296e-05
1,1,25030,28304,1.7689,1.7689,0.0,1.294e-05
1,1,25040,28304,1.7347,1.7347,0.0,1.292e-05
1,1,25050,28304,1.8305,1.8305,0.0,1.29e-05
1,1,25060,28304,1.8559,1.8559,0.0,1.289e-05
1,1,25070,28304,1.8987,1.8987,0.0,1.287e-05
1,1,25080,28304,1.6843,1.6843,0.0,1.285e-05
1,1,25090,28304,1.7692,1.7692,0.0,1.283e-05
1,1,25100,28304,1.8426,1.8426,0.0,1.282e-05
1,1,25110,28304,1.7967,1.7967,0.0,1.28e-05
1,1,25120,28304,1.8294,1.8294,0.0,1.278e-05
1,1,25130,28304,1.5867,1.5867,0.0,1.276e-05
1,1,25140,28304,1.7356,1.7356,0.0,1.275e-05
1,1,25150,28304,1.598,1.598,0.0,1.273e-05
1,1,25160,28304,1.9632,1.9632,0.0,1.271e-05
1,1,25170,28304,1.7163,1.7163,0.0,1.27e-05
1,1,25180,28304,1.7451,1.7451,0.0,1.268e-05
1,1,25190,28304,1.755,1.755,0.0,1.266e-05
1,1,25200,28304,1.8138,1.8138,0.0,1.264e-05
1,1,25210,28304,1.8956,1.8956,0.0,1.263e-05
1,1,25220,28304,1.9023,1.9023,0.0,1.261e-05
1,1,25230,28304,1.7124,1.7124,0.0,1.259e-05
1,1,25240,28304,1.8549,1.8549,0.0,1.258e-05
1,1,25250,28304,1.6944,1.6944,0.0,1.256e-05
1,1,25260,28304,1.7231,1.7231,0.0,1.254e-05
1,1,25270,28304,1.846,1.846,0.0,1.253e-05
1,1,25280,28304,1.839,1.839,0.0,1.251e-05
1,1,25290,28304,1.8236,1.8236,0.0,1.249e-05
1,1,25300,28304,1.671,1.671,0.0,1.248e-05
1,1,25310,28304,1.8786,1.8786,0.0,1.246e-05
1,1,25320,28304,1.7429,1.7429,0.0,1.245e-05
1,1,25330,28304,1.9084,1.9084,0.0,1.243e-05
1,1,25340,28304,1.6876,1.6876,0.0,1.241e-05
1,1,25350,28304,1.7436,1.7436,0.0,1.24e-05
1,1,25360,28304,1.7501,1.7501,0.0,1.238e-05
1,1,25370,28304,1.8627,1.8627,0.0,1.237e-05
1,1,25380,28304,1.8797,1.8797,0.0,1.235e-05
1,1,25390,28304,1.8146,1.8146,0.0,1.233e-05
1,1,25400,28304,1.8196,1.8196,0.0,1.232e-05
1,1,25410,28304,1.7866,1.7866,0.0,1.23e-05
1,1,25420,28304,1.783,1.783,0.0,1.229e-05
1,1,25430,28304,1.9171,1.9171,0.0,1.227e-05
1,1,25440,28304,1.8047,1.8047,0.0,1.225e-05
1,1,25450,28304,1.8014,1.8014,0.0,1.224e-05
1,1,25460,28304,1.8706,1.8706,0.0,1.222e-05
1,1,25470,28304,1.6962,1.6962,0.0,1.221e-05
1,1,25480,28304,1.7396,1.7396,0.0,1.219e-05
1,1,25490,28304,1.8424,1.8424,0.0,1.218e-05
1,1,25500,28304,1.777,1.777,0.0,1.216e-05
1,1,25510,28304,1.8053,1.8053,0.0,1.215e-05
1,1,25520,28304,1.7673,1.7673,0.0,1.213e-05
1,1,25530,28304,1.9439,1.9439,0.0,1.212e-05
1,1,25540,28304,1.6976,1.6976,0.0,1.21e-05
1,1,25550,28304,1.864,1.864,0.0,1.209e-05
1,1,25560,28304,1.8053,1.8053,0.0,1.207e-05
1,1,25570,28304,1.8831,1.8831,0.0,1.206e-05
1,1,25580,28304,1.7612,1.7612,0.0,1.204e-05
1,1,25590,28304,1.6983,1.6983,0.0,1.203e-05
1,1,25600,28304,1.8187,1.8187,0.0,1.201e-05
1,1,25610,28304,1.7444,1.7444,0.0,1.2e-05
1,1,25620,28304,1.7609,1.7609,0.0,1.198e-05
1,1,25630,28304,1.8434,1.8434,0.0,1.197e-05
1,1,25640,28304,1.7479,1.7479,0.0,1.195e-05
1,1,25650,28304,1.7673,1.7673,0.0,1.194e-05
1,1,25660,28304,1.8658,1.8658,0.0,1.192e-05
1,1,25670,28304,1.7578,1.7578,0.0,1.191e-05
1,1,25680,28304,1.8623,1.8623,0.0,1.19e-05
1,1,25690,28304,1.709,1.709,0.0,1.188e-05
1,1,25700,28304,1.8674,1.8674,0.0,1.187e-05
1,1,25710,28304,1.8992,1.8992,0.0,1.185e-05
1,1,25720,28304,1.8697,1.8697,0.0,1.184e-05
1,1,25730,28304,1.742,1.742,0.0,1.182e-05
1,1,25740,28304,1.9404,1.9404,0.0,1.181e-05
1,1,25750,28304,1.7318,1.7318,0.0,1.18e-05
1,1,25760,28304,1.7192,1.7192,0.0,1.178e-05
1,1,25770,28304,1.8913,1.8913,0.0,1.177e-05
1,1,25780,28304,1.756,1.756,0.0,1.175e-05
1,1,25790,28304,1.688,1.688,0.0,1.174e-05
1,1,25800,28304,1.6752,1.6752,0.0,1.173e-05
1,1,25810,28304,1.8344,1.8344,0.0,1.171e-05
1,1,25820,28304,1.8748,1.8748,0.0,1.17e-05
1,1,25830,28304,1.7413,1.7413,0.0,1.169e-05
1,1,25840,28304,1.9144,1.9144,0.0,1.167e-05
1,1,25850,28304,1.7294,1.7294,0.0,1.166e-05
1,1,25860,28304,1.7292,1.7292,0.0,1.165e-05
1,1,25870,28304,1.7831,1.7831,0.0,1.163e-05
1,1,25880,28304,1.9034,1.9034,0.0,1.162e-05
1,1,25890,28304,1.9032,1.9032,0.0,1.161e-05
1,1,25900,28304,1.8624,1.8624,0.0,1.159e-05
1,1,25910,28304,1.8883,1.8883,0.0,1.158e-05
1,1,25920,28304,1.6562,1.6562,0.0,1.157e-05
1,1,25930,28304,1.773,1.773,0.0,1.155e-05
1,1,25940,28304,1.6787,1.6787,0.0,1.154e-05
1,1,25950,28304,1.7753,1.7753,0.0,1.153e-05
1,1,25960,28304,1.8884,1.8884,0.0,1.151e-05
1,1,25970,28304,1.8505,1.8505,0.0,1.15e-05
1,1,25980,28304,1.7844,1.7844,0.0,1.149e-05
1,1,25990,28304,1.7919,1.7919,0.0,1.148e-05
1,1,26000,28304,1.7982,1.7982,0.0,1.146e-05
1,1,26010,28304,1.8405,1.8405,0.0,1.145e-05
1,1,26020,28304,1.808,1.808,0.0,1.144e-05
1,1,26030,28304,1.9462,1.9462,0.0,1.143e-05
1,1,26040,28304,1.7906,1.7906,0.0,1.141e-05
1,1,26050,28304,1.7375,1.7375,0.0,1.14e-05
1,1,26060,28304,1.827,1.827,0.0,1.139e-05
1,1,26070,28304,1.7899,1.7899,0.0,1.138e-05
1,1,26080,28304,1.8347,1.8347,0.0,1.136e-05
1,1,26090,28304,1.8724,1.8724,0.0,1.135e-05
1,1,26100,28304,1.7107,1.7107,0.0,1.134e-05
1,1,26110,28304,1.8403,1.8403,0.0,1.133e-05
1,1,26120,28304,2.0059,2.0059,0.0,1.132e-05
1,1,26130,28304,1.7872,1.7872,0.0,1.13e-05
1,1,26140,28304,1.7763,1.7763,0.0,1.129e-05
1,1,26150,28304,1.7793,1.7793,0.0,1.128e-05
1,1,26160,28304,1.724,1.724,0.0,1.127e-05
1,1,26170,28304,1.8764,1.8764,0.0,1.126e-05
1,1,26180,28304,1.7598,1.7598,0.0,1.124e-05
1,1,26190,28304,1.7334,1.7334,0.0,1.123e-05
1,1,26200,28304,1.7928,1.7928,0.0,1.122e-05
1,1,26210,28304,1.7569,1.7569,0.0,1.121e-05
1,1,26220,28304,1.8904,1.8904,0.0,1.12e-05
1,1,26230,28304,1.7311,1.7311,0.0,1.119e-05
1,1,26240,28304,1.9313,1.9313,0.0,1.118e-05
1,1,26250,28304,1.8215,1.8215,0.0,1.116e-05
1,1,26260,28304,1.8095,1.8095,0.0,1.115e-05
1,1,26270,28304,1.9113,1.9113,0.0,1.114e-05
1,1,26280,28304,1.8061,1.8061,0.0,1.113e-05
1,1,26290,28304,1.8123,1.8123,0.0,1.112e-05
1,1,26300,28304,1.7759,1.7759,0.0,1.111e-05
1,1,26310,28304,1.7398,1.7398,0.0,1.11e-05
1,1,26320,28304,1.7622,1.7622,0.0,1.109e-05
1,1,26330,28304,1.8884,1.8884,0.0,1.108e-05
1,1,26340,28304,1.7569,1.7569,0.0,1.106e-05
1,1,26350,28304,1.8582,1.8582,0.0,1.105e-05
1,1,26360,28304,1.7991,1.7991,0.0,1.104e-05
1,1,26370,28304,1.8496,1.8496,0.0,1.103e-05
1,1,26380,28304,1.8326,1.8326,0.0,1.102e-05
1,1,26390,28304,1.8108,1.8108,0.0,1.101e-05
1,1,26400,28304,1.8861,1.8861,0.0,1.1e-05
1,1,26410,28304,1.6682,1.6682,0.0,1.099e-05
1,1,26420,28304,2.0065,2.0065,0.0,1.098e-05
1,1,26430,28304,1.9335,1.9335,0.0,1.097e-05
1,1,26440,28304,1.7352,1.7352,0.0,1.096e-05
1,1,26450,28304,1.7485,1.7485,0.0,1.095e-05
1,1,26460,28304,1.8368,1.8368,0.0,1.094e-05
1,1,26470,28304,1.8418,1.8418,0.0,1.093e-05
1,1,26480,28304,1.8445,1.8445,0.0,1.092e-05
1,1,26490,28304,1.7725,1.7725,0.0,1.091e-05
1,1,26500,28304,1.8485,1.8485,0.0,1.09e-05
1,1,26510,28304,1.8035,1.8035,0.0,1.089e-05
1,1,26520,28304,1.7497,1.7497,0.0,1.088e-05
1,1,26530,28304,1.6758,1.6758,0.0,1.087e-05
1,1,26540,28304,1.8154,1.8154,0.0,1.086e-05
1,1,26550,28304,1.7483,1.7483,0.0,1.085e-05
1,1,26560,28304,1.8673,1.8673,0.0,1.084e-05
1,1,26570,28304,1.9934,1.9934,0.0,1.083e-05
1,1,26580,28304,1.8142,1.8142,0.0,1.082e-05
1,1,26590,28304,1.8128,1.8128,0.0,1.081e-05
1,1,26600,28304,1.8696,1.8696,0.0,1.08e-05
1,1,26610,28304,1.8322,1.8322,0.0,1.079e-05
1,1,26620,28304,1.6427,1.6427,0.0,1.078e-05
1,1,26630,28304,1.8842,1.8842,0.0,1.077e-05
1,1,26640,28304,1.8346,1.8346,0.0,1.077e-05
1,1,26650,28304,1.8197,1.8197,0.0,1.076e-05
1,1,26660,28304,1.915,1.915,0.0,1.075e-05
1,1,26670,28304,1.9149,1.9149,0.0,1.074e-05
1,1,26680,28304,1.8854,1.8854,0.0,1.073e-05
1,1,26690,28304,1.8606,1.8606,0.0,1.072e-05
1,1,26700,28304,1.8385,1.8385,0.0,1.071e-05
1,1,26710,28304,1.7795,1.7795,0.0,1.07e-05
1,1,26720,28304,1.8539,1.8539,0.0,1.069e-05
1,1,26730,28304,1.8116,1.8116,0.0,1.069e-05
1,1,26740,28304,1.786,1.786,0.0,1.068e-05
1,1,26750,28304,1.7455,1.7455,0.0,1.067e-05
1,1,26760,28304,1.927,1.927,0.0,1.066e-05
1,1,26770,28304,1.8636,1.8636,0.0,1.065e-05
1,1,26780,28304,1.8657,1.8657,0.0,1.064e-05
1,1,26790,28304,1.8218,1.8218,0.0,1.063e-05
1,1,26800,28304,1.8122,1.8122,0.0,1.063e-05
1,1,26810,28304,1.9809,1.9809,0.0,1.062e-05
1,1,26820,28304,1.7004,1.7004,0.0,1.061e-05
1,1,26830,28304,1.894,1.894,0.0,1.06e-05
1,1,26840,28304,1.8407,1.8407,0.0,1.059e-05
1,1,26850,28304,1.8052,1.8052,0.0,1.058e-05
1,1,26860,28304,1.7862,1.7862,0.0,1.058e-05
1,1,26870,28304,1.6622,1.6622,0.0,1.057e-05
1,1,26880,28304,1.8266,1.8266,0.0,1.056e-05
1,1,26890,28304,1.8953,1.8953,0.0,1.055e-05
1,1,26900,28304,1.8342,1.8342,0.0,1.055e-05
1,1,26910,28304,2.0255,2.0255,0.0,1.054e-05
1,1,26920,28304,1.906,1.906,0.0,1.053e-05
1,1,26930,28304,1.7205,1.7205,0.0,1.052e-05
1,1,26940,28304,1.8014,1.8014,0.0,1.051e-05
1,1,26950,28304,1.7542,1.7542,0.0,1.051e-05
1,1,26960,28304,1.7858,1.7858,0.0,1.05e-05
1,1,26970,28304,1.8194,1.8194,0.0,1.049e-05
1,1,26980,28304,1.7004,1.7004,0.0,1.049e-05
1,1,26990,28304,1.706,1.706,0.0,1.048e-05
1,1,27000,28304,1.776,1.776,0.0,1.047e-05
1,1,27010,28304,1.6399,1.6399,0.0,1.046e-05
1,1,27020,28304,1.7794,1.7794,0.0,1.046e-05
1,1,27030,28304,1.6932,1.6932,0.0,1.045e-05
1,1,27040,28304,1.7166,1.7166,0.0,1.044e-05
1,1,27050,28304,1.781,1.781,0.0,1.044e-05
1,1,27060,28304,1.7998,1.7998,0.0,1.043e-05
1,1,27070,28304,1.9358,1.9358,0.0,1.042e-05
1,1,27080,28304,1.7132,1.7132,0.0,1.041e-05
1,1,27090,28304,1.8992,1.8992,0.0,1.041e-05
1,1,27100,28304,1.8438,1.8438,0.0,1.04e-05
1,1,27110,28304,1.8127,1.8127,0.0,1.039e-05
1,1,27120,28304,1.7817,1.7817,0.0,1.039e-05
1,1,27130,28304,1.6721,1.6721,0.0,1.038e-05
1,1,27140,28304,1.8967,1.8967,0.0,1.038e-05
1,1,27150,28304,1.7916,1.7916,0.0,1.037e-05
1,1,27160,28304,1.8088,1.8088,0.0,1.036e-05
1,1,27170,28304,1.7278,1.7278,0.0,1.036e-05
1,1,27180,28304,1.7859,1.7859,0.0,1.035e-05
1,1,27190,28304,1.8369,1.8369,0.0,1.034e-05
1,1,27200,28304,1.8412,1.8412,0.0,1.034e-05
1,1,27210,28304,1.7933,1.7933,0.0,1.033e-05
1,1,27220,28304,1.8708,1.8708,0.0,1.033e-05
1,1,27230,28304,1.7483,1.7483,0.0,1.032e-05
1,1,27240,28304,1.8287,1.8287,0.0,1.031e-05
1,1,27250,28304,1.7524,1.7524,0.0,1.031e-05
1,1,27260,28304,1.7993,1.7993,0.0,1.03e-05
1,1,27270,28304,1.9046,1.9046,0.0,1.03e-05
1,1,27280,28304,1.8178,1.8178,0.0,1.029e-05
1,1,27290,28304,1.759,1.759,0.0,1.028e-05
1,1,27300,28304,1.7988,1.7988,0.0,1.028e-05
1,1,27310,28304,1.8488,1.8488,0.0,1.027e-05
1,1,27320,28304,1.9454,1.9454,0.0,1.027e-05
1,1,27330,28304,1.7456,1.7456,0.0,1.026e-05
1,1,27340,28304,1.8237,1.8237,0.0,1.026e-05
1,1,27350,28304,1.6389,1.6389,0.0,1.025e-05
1,1,27360,28304,1.9321,1.9321,0.0,1.025e-05
1,1,27370,28304,1.7545,1.7545,0.0,1.024e-05
1,1,27380,28304,1.7413,1.7413,0.0,1.024e-05
1,1,27390,28304,1.8568,1.8568,0.0,1.023e-05
1,1,27400,28304,1.9186,1.9186,0.0,1.023e-05
1,1,27410,28304,1.8913,1.8913,0.0,1.022e-05
1,1,27420,28304,1.775,1.775,0.0,1.022e-05
1,1,27430,28304,1.7863,1.7863,0.0,1.021e-05
1,1,27440,28304,1.9512,1.9512,0.0,1.021e-05
1,1,27450,28304,1.8174,1.8174,0.0,1.02e-05
1,1,27460,28304,1.8332,1.8332,0.0,1.02e-05
1,1,27470,28304,1.699,1.699,0.0,1.019e-05
1,1,27480,28304,1.9068,1.9068,0.0,1.019e-05
1,1,27490,28304,1.9593,1.9593,0.0,1.018e-05
1,1,27500,28304,1.7729,1.7729,0.0,1.018e-05
1,1,27510,28304,1.7389,1.7389,0.0,1.017e-05
1,1,27520,28304,1.8473,1.8473,0.0,1.017e-05
1,1,27530,28304,1.7287,1.7287,0.0,1.017e-05
1,1,27540,28304,1.9569,1.9569,0.0,1.016e-05
1,1,27550,28304,1.7782,1.7782,0.0,1.016e-05
1,1,27560,28304,1.7975,1.7975,0.0,1.015e-05
1,1,27570,28304,1.7402,1.7402,0.0,1.015e-05
1,1,27580,28304,1.7156,1.7156,0.0,1.015e-05
1,1,27590,28304,1.7228,1.7228,0.0,1.014e-05
1,1,27600,28304,1.8309,1.8309,0.0,1.014e-05
1,1,27610,28304,1.875,1.875,0.0,1.013e-05
1,1,27620,28304,1.8287,1.8287,0.0,1.013e-05
1,1,27630,28304,1.8652,1.8652,0.0,1.013e-05
1,1,27640,28304,1.7602,1.7602,0.0,1.012e-05
1,1,27650,28304,1.771,1.771,0.0,1.012e-05
1,1,27660,28304,1.7222,1.7222,0.0,1.011e-05
1,1,27670,28304,1.7933,1.7933,0.0,1.011e-05
1,1,27680,28304,1.9021,1.9021,0.0,1.011e-05
1,1,27690,28304,1.8054,1.8054,0.0,1.01e-05
1,1,27700,28304,1.7645,1.7645,0.0,1.01e-05
1,1,27710,28304,1.8442,1.8442,0.0,1.01e-05
1,1,27720,28304,1.839,1.839,0.0,1.009e-05
1,1,27730,28304,1.7736,1.7736,0.0,1.009e-05
1,1,27740,28304,1.8149,1.8149,0.0,1.009e-05
1,1,27750,28304,1.8929,1.8929,0.0,1.009e-05
1,1,27760,28304,1.8814,1.8814,0.0,1.008e-05
1,1,27770,28304,1.7947,1.7947,0.0,1.008e-05
1,1,27780,28304,1.6428,1.6428,0.0,1.008e-05
1,1,27790,28304,1.807,1.807,0.0,1.007e-05
1,1,27800,28304,1.7898,1.7898,0.0,1.007e-05
1,1,27810,28304,1.8232,1.8232,0.0,1.007e-05
1,1,27820,28304,1.8284,1.8284,0.0,1.006e-05
1,1,27830,28304,1.8839,1.8839,0.0,1.006e-05
1,1,27840,28304,1.8866,1.8866,0.0,1.006e-05
1,1,27850,28304,1.7262,1.7262,0.0,1.006e-05
1,1,27860,28304,1.8608,1.8608,0.0,1.005e-05
1,1,27870,28304,1.8229,1.8229,0.0,1.005e-05
1,1,27880,28304,1.8589,1.8589,0.0,1.005e-05
1,1,27890,28304,1.7118,1.7118,0.0,1.005e-05
1,1,27900,28304,1.7994,1.7994,0.0,1.005e-05
1,1,27910,28304,1.8452,1.8452,0.0,1.004e-05
1,1,27920,28304,1.8227,1.8227,0.0,1.004e-05
1,1,27930,28304,1.791,1.791,0.0,1.004e-05
1,1,27940,28304,1.9217,1.9217,0.0,1.004e-05
1,1,27950,28304,1.8951,1.8951,0.0,1.003e-05
1,1,27960,28304,1.6955,1.6955,0.0,1.003e-05
1,1,27970,28304,1.707,1.707,0.0,1.003e-05
1,1,27980,28304,1.748,1.748,0.0,1.003e-05
1,1,27990,28304,1.7831,1.7831,0.0,1.003e-05
1,1,28000,28304,1.9311,1.9311,0.0,1.003e-05
1,1,28010,28304,1.8845,1.8845,0.0,1.002e-05
1,1,28020,28304,1.7452,1.7452,0.0,1.002e-05
1,1,28030,28304,1.724,1.724,0.0,1.002e-05
1,1,28040,28304,1.7668,1.7668,0.0,1.002e-05
1,1,28050,28304,1.852,1.852,0.0,1.002e-05
1,1,28060,28304,1.7558,1.7558,0.0,1.002e-05
1,1,28070,28304,1.7923,1.7923,0.0,1.002e-05
1,1,28080,28304,1.6985,1.6985,0.0,1.001e-05
1,1,28090,28304,1.6773,1.6773,0.0,1.001e-05
1,1,28100,28304,1.8664,1.8664,0.0,1.001e-05
1,1,28110,28304,1.7717,1.7717,0.0,1.001e-05
1,1,28120,28304,1.6805,1.6805,0.0,1.001e-05
1,1,28130,28304,1.914,1.914,0.0,1.001e-05
1,1,28140,28304,1.8173,1.8173,0.0,1.001e-05
1,1,28150,28304,1.9645,1.9645,0.0,1.001e-05
1,1,28160,28304,1.9601,1.9601,0.0,1.001e-05
1,1,28170,28304,1.7466,1.7466,0.0,1e-05
1,1,28180,28304,1.608,1.608,0.0,1e-05
1,1,28190,28304,1.8509,1.8509,0.0,1e-05
1,1,28200,28304,1.8005,1.8005,0.0,1e-05
1,1,28210,28304,1.6513,1.6513,0.0,1e-05
1,1,28220,28304,1.8241,1.8241,0.0,1e-05
1,1,28230,28304,1.79,1.79,0.0,1e-05
1,1,28240,28304,1.7985,1.7985,0.0,1e-05
1,1,28250,28304,1.7545,1.7545,0.0,1e-05
1,1,28260,28304,1.8358,1.8358,0.0,1e-05
1,1,28270,28304,1.7161,1.7161,0.0,1e-05
1,1,28280,28304,1.7713,1.7713,0.0,1e-05
1,1,28290,28304,1.9042,1.9042,0.0,1e-05
1,1,28300,28304,1.7752,1.7752,0.0,1e-05
1,1,28304,28304,1.6561,1.6561,0.0,1e-05
